image_path,overall_grade,centering,corners,edges,surface
data\raw_slabs\synth_01_0000.jpg,1,1.3,1.0,1.0,1.0
data\raw_slabs\synth_01_0001.jpg,1,1.5,1.4,1.8,1.0
data\raw_slabs\synth_01_0002.jpg,1,1.0,1.0,1.0,1.0
data\raw_slabs\synth_01_0003.jpg,1,1.0,1.0,1.3,1.1
data\raw_slabs\synth_01_0004.jpg,1,1.0,1.2,1.6,1.0
data\raw_slabs\synth_01_0005.jpg,1,1.6,1.4,1.0,1.0
data\raw_slabs\synth_01_0006.jpg,1,1.9,1.0,1.0,1.0
data\raw_slabs\synth_01_0007.jpg,1,1.7,1.2,1.6,1.5
data\raw_slabs\synth_01_0008.jpg,1,1.1,1.9,1.0,1.1
data\raw_slabs\synth_01_0009.jpg,1,1.7,1.2,1.7,1.2
data\raw_slabs\synth_01_0010.jpg,1,1.4,1.0,1.0,1.0
data\raw_slabs\synth_01_0011.jpg,1,1.0,1.0,1.0,1.0
data\raw_slabs\synth_01_0012.jpg,1,1.3,1.0,1.0,1.0
data\raw_slabs\synth_01_0013.jpg,1,1.0,1.9,1.3,1.2
data\raw_slabs\synth_01_0014.jpg,1,1.0,1.5,1.0,1.0
data\raw_slabs\synth_01_0015.jpg,1,2.0,1.3,1.1,1.4
data\raw_slabs\synth_01_0016.jpg,1,1.7,1.6,1.0,1.0
data\raw_slabs\synth_01_0017.jpg,1,1.0,1.0,1.0,1.9
data\raw_slabs\synth_01_0018.jpg,1,1.8,1.0,1.3,1.0
data\raw_slabs\synth_01_0019.jpg,1,1.8,1.0,1.0,1.0
data\raw_slabs\synth_02_0000.jpg,2,2.1,1.5,2.2,2.8
data\raw_slabs\synth_02_0001.jpg,2,1.8,1.4,3.0,2.0
data\raw_slabs\synth_02_0002.jpg,2,1.2,1.1,1.2,2.3
data\raw_slabs\synth_02_0003.jpg,2,2.6,1.8,1.1,1.8
data\raw_slabs\synth_02_0004.jpg,2,3.0,2.1,2.9,2.7
data\raw_slabs\synth_02_0005.jpg,2,1.0,2.4,2.4,2.1
data\raw_slabs\synth_02_0006.jpg,2,1.5,2.3,1.2,1.9
data\raw_slabs\synth_02_0007.jpg,2,1.9,2.9,2.8,1.5
data\raw_slabs\synth_02_0008.jpg,2,2.0,1.4,2.8,2.7
data\raw_slabs\synth_02_0009.jpg,2,1.6,2.3,2.2,1.3
data\raw_slabs\synth_02_0010.jpg,2,2.5,2.1,2.6,2.1
data\raw_slabs\synth_02_0011.jpg,2,1.0,1.6,1.0,2.9
data\raw_slabs\synth_02_0012.jpg,2,2.8,2.7,1.6,1.1
data\raw_slabs\synth_02_0013.jpg,2,2.8,2.9,1.2,2.0
data\raw_slabs\synth_02_0014.jpg,2,1.1,2.5,2.5,1.3
data\raw_slabs\synth_02_0015.jpg,2,2.0,2.1,1.5,2.7
data\raw_slabs\synth_02_0016.jpg,2,1.8,1.4,2.1,2.5
data\raw_slabs\synth_02_0017.jpg,2,1.4,1.6,3.0,2.3
data\raw_slabs\synth_02_0018.jpg,2,1.9,2.0,1.2,1.4
data\raw_slabs\synth_02_0019.jpg,2,1.7,2.2,1.5,1.4
data\raw_slabs\synth_03_0000.jpg,3,2.1,3.3,2.5,3.8
data\raw_slabs\synth_03_0001.jpg,3,3.7,2.1,2.5,3.3
data\raw_slabs\synth_03_0002.jpg,3,2.4,2.3,3.9,3.1
data\raw_slabs\synth_03_0003.jpg,3,2.9,3.6,3.6,2.4
data\raw_slabs\synth_03_0004.jpg,3,2.2,2.9,2.8,2.9
data\raw_slabs\synth_03_0005.jpg,3,3.5,3.3,4.0,2.2
data\raw_slabs\synth_03_0006.jpg,3,2.8,2.7,3.7,2.5
data\raw_slabs\synth_03_0007.jpg,3,2.4,2.9,2.8,2.6
data\raw_slabs\synth_03_0008.jpg,3,2.5,3.8,2.9,3.7
data\raw_slabs\synth_03_0009.jpg,3,3.1,2.1,4.0,3.7
data\raw_slabs\synth_03_0010.jpg,3,3.9,3.9,3.7,2.3
data\raw_slabs\synth_03_0011.jpg,3,3.0,2.4,2.8,2.1
data\raw_slabs\synth_03_0012.jpg,3,2.8,4.0,2.5,3.6
data\raw_slabs\synth_03_0013.jpg,3,2.9,2.8,3.9,4.0
data\raw_slabs\synth_03_0014.jpg,3,3.1,3.4,2.3,2.6
data\raw_slabs\synth_03_0015.jpg,3,3.9,3.2,3.1,3.5
data\raw_slabs\synth_03_0016.jpg,3,2.1,3.2,3.0,3.7
data\raw_slabs\synth_03_0017.jpg,3,2.3,3.9,2.2,2.4
data\raw_slabs\synth_03_0018.jpg,3,3.2,3.4,2.5,2.2
data\raw_slabs\synth_03_0019.jpg,3,3.8,2.5,3.2,3.2
data\raw_slabs\synth_04_0000.jpg,4,3.8,4.2,4.0,4.9
data\raw_slabs\synth_04_0001.jpg,4,3.4,4.4,3.5,3.8
data\raw_slabs\synth_04_0002.jpg,4,4.3,3.6,3.6,4.5
data\raw_slabs\synth_04_0003.jpg,4,3.1,3.9,5.0,5.0
data\raw_slabs\synth_04_0004.jpg,4,3.1,3.4,3.5,4.9
data\raw_slabs\synth_04_0005.jpg,4,4.8,4.8,3.7,3.3
data\raw_slabs\synth_04_0006.jpg,4,4.7,4.4,4.2,5.0
data\raw_slabs\synth_04_0007.jpg,4,4.3,3.0,4.6,3.6
data\raw_slabs\synth_04_0008.jpg,4,4.3,4.9,3.3,3.2
data\raw_slabs\synth_04_0009.jpg,4,3.2,4.1,3.5,4.2
data\raw_slabs\synth_04_0010.jpg,4,4.4,3.4,4.3,3.5
data\raw_slabs\synth_04_0011.jpg,4,4.0,4.8,4.7,3.2
data\raw_slabs\synth_04_0012.jpg,4,3.8,3.6,3.0,4.5
data\raw_slabs\synth_04_0013.jpg,4,4.3,3.5,4.5,4.1
data\raw_slabs\synth_04_0014.jpg,4,3.9,3.0,3.2,4.8
data\raw_slabs\synth_04_0015.jpg,4,4.8,4.1,4.7,4.2
data\raw_slabs\synth_04_0016.jpg,4,3.3,3.3,3.6,4.8
data\raw_slabs\synth_04_0017.jpg,4,4.6,4.7,4.8,3.4
data\raw_slabs\synth_04_0018.jpg,4,3.5,3.2,4.6,4.8
data\raw_slabs\synth_04_0019.jpg,4,3.8,4.2,3.3,4.9
data\raw_slabs\synth_05_0000.jpg,5,5.7,6.0,5.6,5.8
data\raw_slabs\synth_05_0001.jpg,5,4.0,5.5,4.7,5.9
data\raw_slabs\synth_05_0002.jpg,5,5.6,5.7,5.6,4.5
data\raw_slabs\synth_05_0003.jpg,5,5.6,4.2,5.7,5.7
data\raw_slabs\synth_05_0004.jpg,5,4.4,5.6,4.9,4.6
data\raw_slabs\synth_05_0005.jpg,5,5.6,4.5,4.0,4.4
data\raw_slabs\synth_05_0006.jpg,5,4.7,5.7,5.9,4.6
data\raw_slabs\synth_05_0007.jpg,5,5.3,4.8,6.0,5.1
data\raw_slabs\synth_05_0008.jpg,5,5.9,4.2,5.9,4.4
data\raw_slabs\synth_05_0009.jpg,5,5.9,4.5,4.2,4.9
data\raw_slabs\synth_05_0010.jpg,5,5.5,4.6,5.2,5.0
data\raw_slabs\synth_05_0011.jpg,5,4.8,5.2,4.5,5.4
data\raw_slabs\synth_05_0012.jpg,5,4.0,5.9,5.1,5.4
data\raw_slabs\synth_05_0013.jpg,5,5.5,5.3,4.7,4.1
data\raw_slabs\synth_05_0014.jpg,5,5.3,4.7,4.6,5.7
data\raw_slabs\synth_05_0015.jpg,5,5.4,4.6,4.6,4.8
data\raw_slabs\synth_05_0016.jpg,5,4.8,4.6,4.3,4.8
data\raw_slabs\synth_05_0017.jpg,5,5.9,5.4,5.8,5.2
data\raw_slabs\synth_05_0018.jpg,5,4.6,5.1,4.0,4.6
data\raw_slabs\synth_05_0019.jpg,5,4.9,5.2,5.3,4.9
data\raw_slabs\synth_06_0000.jpg,6,5.9,5.4,5.9,6.8
data\raw_slabs\synth_06_0001.jpg,6,6.6,5.3,5.2,6.0
data\raw_slabs\synth_06_0002.jpg,6,6.3,5.7,6.6,6.5
data\raw_slabs\synth_06_0003.jpg,6,6.3,5.4,5.4,5.0
data\raw_slabs\synth_06_0004.jpg,6,5.5,6.0,6.7,5.1
data\raw_slabs\synth_06_0005.jpg,6,5.8,6.3,5.4,6.4
data\raw_slabs\synth_06_0006.jpg,6,6.0,5.5,6.3,5.0
data\raw_slabs\synth_06_0007.jpg,6,6.5,6.5,5.2,5.9
data\raw_slabs\synth_06_0008.jpg,6,5.4,6.9,6.0,5.1
data\raw_slabs\synth_06_0009.jpg,6,5.5,6.7,5.9,6.6
data\raw_slabs\synth_06_0010.jpg,6,6.3,7.0,6.2,6.9
data\raw_slabs\synth_06_0011.jpg,6,6.8,6.2,6.4,6.0
data\raw_slabs\synth_06_0012.jpg,6,6.7,6.1,6.8,6.5
data\raw_slabs\synth_06_0013.jpg,6,5.9,5.5,5.5,6.3
data\raw_slabs\synth_06_0014.jpg,6,6.5,6.0,6.3,5.5
data\raw_slabs\synth_06_0015.jpg,6,5.2,5.6,5.5,5.6
data\raw_slabs\synth_06_0016.jpg,6,6.1,5.3,5.5,6.4
data\raw_slabs\synth_06_0017.jpg,6,6.4,5.1,5.8,6.1
data\raw_slabs\synth_06_0018.jpg,6,5.8,5.4,5.8,6.8
data\raw_slabs\synth_06_0019.jpg,6,6.2,6.4,6.7,6.5
data\raw_slabs\synth_07_0000.jpg,7,6.8,6.0,6.7,7.5
data\raw_slabs\synth_07_0001.jpg,7,7.7,7.9,6.8,7.5
data\raw_slabs\synth_07_0002.jpg,7,7.1,7.2,6.4,6.4
data\raw_slabs\synth_07_0003.jpg,7,6.9,6.1,6.7,7.4
data\raw_slabs\synth_07_0004.jpg,7,6.8,6.3,6.9,6.3
data\raw_slabs\synth_07_0005.jpg,7,7.2,6.1,6.8,7.1
data\raw_slabs\synth_07_0006.jpg,7,6.1,7.3,6.3,6.9
data\raw_slabs\synth_07_0007.jpg,7,6.1,6.8,6.4,6.7
data\raw_slabs\synth_07_0008.jpg,7,7.5,6.8,7.5,7.7
data\raw_slabs\synth_07_0009.jpg,7,6.5,6.2,6.0,7.1
data\raw_slabs\synth_07_0010.jpg,7,8.0,6.7,7.3,7.6
data\raw_slabs\synth_07_0011.jpg,7,7.3,7.5,7.9,6.4
data\raw_slabs\synth_07_0012.jpg,7,6.0,6.3,6.3,7.3
data\raw_slabs\synth_07_0013.jpg,7,7.1,6.4,7.4,7.5
data\raw_slabs\synth_07_0014.jpg,7,6.3,7.2,7.5,6.2
data\raw_slabs\synth_07_0015.jpg,7,7.6,7.9,6.2,6.1
data\raw_slabs\synth_07_0016.jpg,7,6.6,7.4,7.9,6.8
data\raw_slabs\synth_07_0017.jpg,7,7.4,6.2,7.4,7.3
data\raw_slabs\synth_07_0018.jpg,7,6.2,7.5,7.7,7.2
data\raw_slabs\synth_07_0019.jpg,7,6.2,8.0,7.6,6.7
data\raw_slabs\synth_08_0000.jpg,8,7.9,7.7,8.0,7.7
data\raw_slabs\synth_08_0001.jpg,8,8.7,8.6,7.2,8.9
data\raw_slabs\synth_08_0002.jpg,8,8.3,8.7,8.4,7.9
data\raw_slabs\synth_08_0003.jpg,8,8.5,8.9,7.5,8.6
data\raw_slabs\synth_08_0004.jpg,8,8.1,8.0,7.9,8.5
data\raw_slabs\synth_08_0005.jpg,8,7.5,8.7,8.7,7.2
data\raw_slabs\synth_08_0006.jpg,8,8.8,7.5,7.9,8.2
data\raw_slabs\synth_08_0007.jpg,8,7.8,7.1,8.7,7.4
data\raw_slabs\synth_08_0008.jpg,8,7.4,8.6,7.7,8.8
data\raw_slabs\synth_08_0009.jpg,8,8.4,7.6,7.0,8.9
data\raw_slabs\synth_08_0010.jpg,8,7.2,8.4,8.0,8.5
data\raw_slabs\synth_08_0011.jpg,8,8.4,8.3,8.0,8.6
data\raw_slabs\synth_08_0012.jpg,8,7.2,7.4,8.4,7.6
data\raw_slabs\synth_08_0013.jpg,8,8.2,7.9,8.1,7.9
data\raw_slabs\synth_08_0014.jpg,8,8.5,7.7,8.4,7.5
data\raw_slabs\synth_08_0015.jpg,8,7.5,7.2,7.4,7.2
data\raw_slabs\synth_08_0016.jpg,8,8.1,8.5,7.4,7.4
data\raw_slabs\synth_08_0017.jpg,8,8.0,8.4,9.0,8.0
data\raw_slabs\synth_08_0018.jpg,8,7.6,7.2,7.4,7.5
data\raw_slabs\synth_08_0019.jpg,8,7.4,7.0,8.1,7.5
data\raw_slabs\synth_09_0000.jpg,9,9.9,9.1,9.4,8.3
data\raw_slabs\synth_09_0001.jpg,9,9.7,9.0,9.7,9.1
data\raw_slabs\synth_09_0002.jpg,9,8.9,8.9,8.4,8.1
data\raw_slabs\synth_09_0003.jpg,9,9.9,9.0,9.6,8.8
data\raw_slabs\synth_09_0004.jpg,9,8.1,9.3,8.1,8.3
data\raw_slabs\synth_09_0005.jpg,9,9.1,8.6,10.0,8.2
data\raw_slabs\synth_09_0006.jpg,9,9.5,9.2,9.6,8.5
data\raw_slabs\synth_09_0007.jpg,9,9.0,8.9,8.9,9.7
data\raw_slabs\synth_09_0008.jpg,9,10.0,8.6,9.2,9.2
data\raw_slabs\synth_09_0009.jpg,9,9.5,9.9,8.4,8.4
data\raw_slabs\synth_09_0010.jpg,9,9.3,8.3,8.3,8.2
data\raw_slabs\synth_09_0011.jpg,9,8.0,8.9,9.2,8.6
data\raw_slabs\synth_09_0012.jpg,9,8.5,9.4,9.4,8.9
data\raw_slabs\synth_09_0013.jpg,9,9.4,9.8,9.6,9.3
data\raw_slabs\synth_09_0014.jpg,9,9.3,9.9,8.9,9.1
data\raw_slabs\synth_09_0015.jpg,9,9.3,9.8,9.7,8.1
data\raw_slabs\synth_09_0016.jpg,9,8.3,8.6,9.5,9.1
data\raw_slabs\synth_09_0017.jpg,9,8.6,8.2,9.4,9.4
data\raw_slabs\synth_09_0018.jpg,9,9.9,9.0,9.0,8.2
data\raw_slabs\synth_09_0019.jpg,9,8.1,8.9,8.6,8.5
data\raw_slabs\synth_10_0000.jpg,10,9.2,10.0,10.0,10.0
data\raw_slabs\synth_10_0001.jpg,10,10.0,10.0,10.0,9.5
data\raw_slabs\synth_10_0002.jpg,10,9.1,10.0,9.9,10.0
data\raw_slabs\synth_10_0003.jpg,10,10.0,9.4,10.0,10.0
data\raw_slabs\synth_10_0004.jpg,10,10.0,9.2,9.7,9.7
data\raw_slabs\synth_10_0005.jpg,10,10.0,10.0,9.7,10.0
data\raw_slabs\synth_10_0006.jpg,10,9.6,10.0,10.0,10.0
data\raw_slabs\synth_10_0007.jpg,10,9.9,9.6,9.6,10.0
data\raw_slabs\synth_10_0008.jpg,10,9.8,10.0,10.0,10.0
data\raw_slabs\synth_10_0009.jpg,10,10.0,9.8,9.4,9.7
data\raw_slabs\synth_10_0010.jpg,10,10.0,10.0,10.0,9.4
data\raw_slabs\synth_10_0011.jpg,10,10.0,10.0,9.9,10.0
data\raw_slabs\synth_10_0012.jpg,10,9.2,10.0,10.0,9.5
data\raw_slabs\synth_10_0013.jpg,10,9.3,10.0,10.0,9.2
data\raw_slabs\synth_10_0014.jpg,10,10.0,10.0,9.9,9.2
data\raw_slabs\synth_10_0015.jpg,10,10.0,10.0,10.0,10.0
data\raw_slabs\synth_10_0016.jpg,10,9.5,10.0,10.0,9.5
data\raw_slabs\synth_10_0017.jpg,10,10.0,9.8,10.0,10.0
data\raw_slabs\synth_10_0018.jpg,10,10.0,10.0,9.6,10.0
data\raw_slabs\synth_10_0019.jpg,10,9.8,10.0,10.0,10.0
data\raw_slabs\ebay_197592070952.webp,9,1.0,1.0,1.0,1.0
data\raw_slabs\ebay_127787905159.webp,10,1.0,1.0,1.0,1.0
data\raw_slabs\ebay_406824033372.webp,9,1.0,1.0,1.0,1.0
data\raw_slabs\ebay_147241825466.webp,9,1.0,1.0,1.0,1.0
data\raw_slabs\ebay_388713952134.webp,9,1.0,1.0,1.0,1.0
data\raw_slabs\ebay_236742397264.webp,10,1.0,1.0,1.0,1.0
data\raw_slabs\ebay_188044535787.webp,10,1.0,1.0,1.0,1.0
data\raw_slabs\ebay_257444911277.webp,8,1.0,1.0,1.0,1.0
data\raw_slabs\ebay_397802192545.webp,1,1.0,1.0,1.0,1.0
data\raw_slabs\ebay_306486308476.webp,5,1.0,1.0,1.0,1.0
data\raw_slabs\ebay_257448783954.webp,1,1.0,1.0,1.0,1.0
data\raw_slabs\ebay_388832143752.webp,10,1.0,1.0,1.0,1.0
data\raw_slabs\ebay_287257427062.webp,1,1.0,1.0,1.0,1.0
data\raw_slabs\ebay_256883431721.webp,1,1.0,1.0,1.0,1.0
data\raw_slabs\ebay_257444618004.webp,1,1.0,1.0,1.0,1.0
data\raw_slabs\ebay_277617888091.webp,1,1.0,1.0,1.0,1.0
data\raw_slabs\ebay_257444917837.webp,1,1.0,1.0,1.0,1.0
data\raw_slabs\ebay_157273806460.webp,9,1.0,1.0,1.0,1.0
data\raw_slabs\ebay_257444566220.webp,4,1.0,1.0,1.0,1.0
data\raw_slabs\ebay_287105376384.webp,5,1.0,1.0,1.0,1.0
data\raw_slabs\ebay_257444569921.webp,3,1.0,1.0,1.0,1.0
data\raw_slabs\ebay_287257442199.webp,1,1.0,1.0,1.0,1.0
data\raw_slabs\ebay_257446367504.webp,1,1.0,1.0,1.0,1.0
data\raw_slabs\ebay_257446370838.webp,1,1.0,1.0,1.0,1.0
data\raw_slabs\ebay_257446377138.webp,1,1.0,1.0,1.0,1.0
data\raw_slabs\ebay_257446302582.webp,5,1.0,1.0,1.0,1.0
data\raw_slabs\ebay_257444583814.webp,1,1.0,1.0,1.0,1.0
data\raw_slabs\ebay_227283140883.webp,4,1.0,1.0,1.0,1.0
data\raw_slabs\ebay_187626191888.webp,9,1.0,1.0,1.0,1.0
data\raw_slabs\ebay_276069108208.webp,9,1.0,1.0,1.0,1.0
data\raw_slabs\ebay_137123422423.webp,1,1.0,1.0,1.0,1.0
data\raw_slabs\ebay_397657323730.webp,3,1.0,1.0,1.0,1.0
data\raw_slabs\ebay_168284261506.webp,10,1.0,1.0,1.0,1.0
data\raw_slabs\ebay_397773324450.webp,8,1.0,1.0,1.0,1.0
data\raw_slabs\ebay_297533994305.webp,1,1.0,1.0,1.0,1.0
data\raw_slabs\ebay_187680117192.webp,8,1.0,1.0,1.0,1.0
data\raw_slabs\ebay_287051351830.webp,5,1.0,1.0,1.0,1.0
data\raw_slabs\ebay_206101408225.webp,4,1.0,1.0,1.0,1.0
data\raw_slabs\ebay_306847690974.webp,5,1.0,1.0,1.0,1.0
data\raw_slabs\ebay_336505944054.webp,10,1.0,1.0,1.0,1.0
data\raw_slabs\ebay_406817899399.webp,6,1.0,1.0,1.0,1.0
data\raw_slabs\ebay_287177536164.webp,1,1.0,1.0,1.0,1.0
data\raw_slabs\ebay_277829112074.webp,8,1.0,1.0,1.0,1.0
data\raw_slabs\ebay_277829109685.webp,8,1.0,1.0,1.0,1.0
data\raw_slabs\ebay_277829096435.webp,8,1.0,1.0,1.0,1.0
data\raw_slabs\ebay_277829085146.webp,1,1.0,1.0,1.0,1.0
data\raw_slabs\ebay_224580500313.webp,1,1.0,1.0,1.0,1.0
data\raw_slabs\ebay_167902943093.webp,1,1.0,1.0,1.0,1.0
data\raw_slabs\ebay_287219751850.webp,1,1.0,1.0,1.0,1.0
data\raw_slabs\ebay_358198727605.webp,10,1.0,1.0,1.0,1.0
data\raw_slabs\ebay_205955956117.webp,7,1.0,1.0,1.0,1.0
data\raw_slabs\ebay_389511655166.webp,8,1.0,1.0,1.0,1.0
data\raw_slabs\ebay_187657316769.webp,1,1.0,1.0,1.0,1.0
data\raw_slabs\ebay_397676229812.webp,2,1.0,1.0,1.0,1.0
data\raw_slabs\ebay_353990464434.webp,9,1.0,1.0,1.0,1.0
data\raw_slabs\ebay_187646840194.webp,8,1.0,1.0,1.0,1.0
data\raw_slabs\ebay_205943236727.webp,6,1.0,1.0,1.0,1.0
data\raw_slabs\ebay_389762944875.webp,8,1.0,1.0,1.0,1.0
data\raw_slabs\ebay_287081971553.webp,2,1.0,1.0,1.0,1.0
data\raw_slabs\ebay_227246686875.webp,10,1.0,1.0,1.0,1.0
data\raw_slabs\ebay_326478531114.webp,2,1.0,1.0,1.0,1.0
data\raw_slabs\ebay_187626144818.webp,8,1.0,1.0,1.0,1.0
data\raw_slabs\ebay_145846346469.webp,4,1.0,1.0,1.0,1.0
data\raw_slabs\ebay_198133833009.webp,9,1.0,1.0,1.0,1.0
data\raw_slabs\ebay_267568753204.webp,10,1.0,1.0,1.0,1.0
data\raw_slabs\ebay_117098794492.webp,5,1.0,1.0,1.0,1.0
data\raw_slabs\ebay_327032568231.webp,7,1.0,1.0,1.0,1.0
data\raw_slabs\ebay_187567194970.webp,7,1.0,1.0,1.0,1.0
data\raw_slabs\ebay_127615691246.webp,6,1.0,1.0,1.0,1.0
data\raw_slabs\ebay_177943331099.webp,6,1.0,1.0,1.0,1.0
data\raw_slabs\ebay_226764285714.webp,9,1.0,1.0,1.0,1.0
data\raw_slabs\ebay_287008753230.webp,8,1.0,1.0,1.0,1.0
data\raw_slabs\ebay_277786204864.webp,8,1.0,1.0,1.0,1.0
data\raw_slabs\ebay_277786201184.webp,8,1.0,1.0,1.0,1.0
data\raw_slabs\ebay_277786198642.webp,9,1.0,1.0,1.0,1.0
data\raw_slabs\ebay_277786172185.webp,8,1.0,1.0,1.0,1.0
data\raw_slabs\ebay_277786163659.webp,9,1.0,1.0,1.0,1.0
data\raw_slabs\ebay_277786133070.webp,8,1.0,1.0,1.0,1.0
data\raw_slabs\ebay_277786128938.webp,8,1.0,1.0,1.0,1.0
data\raw_slabs\ebay_287182392196.webp,10,1.0,1.0,1.0,1.0
data\raw_slabs\ebay_277785998420.webp,8,1.0,1.0,1.0,1.0
data\raw_slabs\ebay_277785994020.webp,8,1.0,1.0,1.0,1.0
data\raw_slabs\ebay_257078674323.webp,9,1.0,1.0,1.0,1.0
data\raw_slabs\ebay_266262671203.webp,5,1.0,1.0,1.0,1.0
data\raw_slabs\ebay_224580501033.webp,1,1.0,1.0,1.0,1.0
data\raw_slabs\ebay_287179697079.webp,1,1.0,1.0,1.0,1.0
data\raw_slabs\ebay_187600027680.webp,9,1.0,1.0,1.0,1.0
data\raw_slabs\ebay_187571684532.webp,1,1.0,1.0,1.0,1.0
data\raw_slabs\ebay_287179646386.webp,1,1.0,1.0,1.0,1.0
data\raw_slabs\ebay_287081978852.webp,1,1.0,1.0,1.0,1.0
data\raw_slabs\ebay_167877714038.webp,6,1.0,1.0,1.0,1.0
data\raw_slabs\ebay_366152763721.webp,7,1.0,1.0,1.0,1.0
data\raw_slabs\ebay_267597051093.webp,10,1.0,1.0,1.0,1.0
data\raw_slabs\ebay_157420905836.webp,6,1.0,1.0,1.0,1.0
data\raw_slabs\ebay_227246602873.webp,1,1.0,1.0,1.0,1.0
data\raw_slabs\ebay_267596820331.webp,1,1.0,1.0,1.0,1.0
data\raw_slabs\ebay_287177541337.webp,1,1.0,1.0,1.0,1.0
data\raw_slabs\ebay_117071964963.webp,5,1.0,1.0,1.0,1.0
data\raw_slabs\ebay_147187165324.webp,10,1.0,1.0,1.0,1.0
data\raw_slabs\ebay_389704178084.webp,8,1.0,1.0,1.0,1.0
data\raw_slabs\ebay_287185765026.webp,1,1.0,1.0,1.0,1.0
data\raw_slabs\ebay_257447399662.webp,2,1.0,1.0,1.0,1.0
data\raw_slabs\ebay_257447398278.webp,2,1.0,1.0,1.0,1.0
data\raw_slabs\ebay_318079809770.webp,2,1.0,1.0,1.0,1.0
data\raw_slabs\ebay_377072837927.webp,10,1.0,1.0,1.0,1.0
data\raw_slabs\ebay_317874000346.webp,4,1.0,1.0,1.0,1.0
data\raw_slabs\ebay_227214391140.webp,5,1.0,1.0,1.0,1.0
data\raw_slabs\ebay_227254863516.webp,9,1.0,1.0,1.0,1.0
data\raw_slabs\ebay_127788094994.webp,9,1.0,1.0,1.0,1.0
data\raw_slabs\ebay_327072266954.webp,6,1.0,1.0,1.0,1.0
data\raw_slabs\ebay_406781148814.webp,9,1.0,1.0,1.0,1.0
data\raw_slabs\ebay_406792719508.webp,2,1.0,1.0,1.0,1.0
data\raw_slabs\ebay_117111976059.webp,7,1.0,1.0,1.0,1.0
data\raw_slabs\ebay_188191874784.webp,2,1.0,1.0,1.0,1.0
data\raw_slabs\ebay_206163011039.webp,2,1.0,1.0,1.0,1.0
data\raw_slabs\ebay_389762410612.webp,9,1.0,1.0,1.0,1.0
data\raw_slabs\ebay_116844408054.webp,8,1.0,1.0,1.0,1.0
data\raw_slabs\ebay_127749736116.webp,2,1.0,1.0,1.0,1.0
data\raw_slabs\ebay_177969519364.webp,2,1.0,1.0,1.0,1.0
data\raw_slabs\ebay_227092679100.webp,7,1.0,1.0,1.0,1.0
data\raw_slabs\ebay_168153118145.webp,9,1.0,1.0,1.0,1.0
data\raw_slabs\ebay_277617926111.webp,2,1.0,1.0,1.0,1.0
data\raw_slabs\ebay_336466463268.webp,10,1.0,1.0,1.0,1.0
data\raw_slabs\ebay_406745643912.webp,4,1.0,1.0,1.0,1.0
data\raw_slabs\ebay_336466453274.webp,10,1.0,1.0,1.0,1.0
data\raw_slabs\ebay_287184463629.webp,9,1.0,1.0,1.0,1.0
data\raw_slabs\ebay_168232562888.webp,9,1.0,1.0,1.0,1.0
data\raw_slabs\ebay_406721604032.webp,7,1.0,1.0,1.0,1.0
data\raw_slabs\ebay_177943877516.webp,10,1.0,1.0,1.0,1.0
data\raw_slabs\ebay_358295066522.webp,6,1.0,1.0,1.0,1.0
data\raw_slabs\ebay_136849093247.webp,2,1.0,1.0,1.0,1.0
data\raw_slabs\ebay_236660714231.webp,8,1.0,1.0,1.0,1.0
data\raw_slabs\ebay_389675454383.webp,2,1.0,1.0,1.0,1.0
data\raw_slabs\ebay_137070922796.webp,2,1.0,1.0,1.0,1.0
data\raw_slabs\ebay_365698595583.webp,8,1.0,1.0,1.0,1.0
data\raw_slabs\ebay_177918392243.webp,2,1.0,1.0,1.0,1.0
data\raw_slabs\ebay_227238286955.webp,8,1.0,1.0,1.0,1.0
data\raw_slabs\ebay_406684645780.webp,2,1.0,1.0,1.0,1.0
data\raw_slabs\ebay_236657386809.webp,2,1.0,1.0,1.0,1.0
data\raw_slabs\ebay_406684663532.webp,2,1.0,1.0,1.0,1.0
data\raw_slabs\ebay_137047656350.webp,2,1.0,1.0,1.0,1.0
data\raw_slabs\ebay_406687836470.webp,7,1.0,1.0,1.0,1.0
data\raw_slabs\ebay_389662243096.webp,2,1.0,1.0,1.0,1.0
data\raw_slabs\ebay_406684698259.webp,2,1.0,1.0,1.0,1.0
data\raw_slabs\ebay_147129447357.webp,2,1.0,1.0,1.0,1.0
data\raw_slabs\ebay_157215754527.webp,2,1.0,1.0,1.0,1.0
data\raw_slabs\ebay_336277254474.webp,2,1.0,1.0,1.0,1.0
data\raw_slabs\ebay_157678970484.webp,2,1.0,1.0,1.0,1.0
data\raw_slabs\ebay_298006872898.webp,2,1.0,1.0,1.0,1.0
data\raw_slabs\ebay_297532716421.webp,2,1.0,1.0,1.0,1.0
data\raw_slabs\ebay_397554298638.webp,2,1.0,1.0,1.0,1.0
data\raw_slabs\ebay_406684634621.webp,2,1.0,1.0,1.0,1.0
data\raw_slabs\ebay_326994271324.webp,2,1.0,1.0,1.0,1.0
data\raw_slabs\ebay_287130815525.webp,2,1.0,1.0,1.0,1.0
data\raw_slabs\ebay_397586274155.webp,2,1.0,1.0,1.0,1.0
data\raw_slabs\ebay_287106445263.webp,2,1.0,1.0,1.0,1.0
data\raw_slabs\ebay_227194950056.webp,2,1.0,1.0,1.0,1.0
data\raw_slabs\ebay_117015582308.webp,2,1.0,1.0,1.0,1.0
data\raw_slabs\ebay_317822110265.webp,2,1.0,1.0,1.0,1.0
data\raw_slabs\ebay_157644510074.webp,7,1.0,1.0,1.0,1.0
data\raw_slabs\ebay_317714877547.webp,7,1.0,1.0,1.0,1.0
data\raw_slabs\ebay_157624439705.webp,2,1.0,1.0,1.0,1.0
data\raw_slabs\ebay_236592416260.webp,2,1.0,1.0,1.0,1.0
data\raw_slabs\ebay_168085866015.webp,2,1.0,1.0,1.0,1.0
data\raw_slabs\ebay_287039202460.webp,7,1.0,1.0,1.0,1.0
data\raw_slabs\ebay_397507302297.webp,2,1.0,1.0,1.0,1.0
data\raw_slabs\ebay_236556979963.webp,4,1.0,1.0,1.0,1.0
data\raw_slabs\ebay_257444905299.webp,4,1.0,1.0,1.0,1.0
data\raw_slabs\ebay_205369040929.webp,3,1.0,1.0,1.0,1.0
data\raw_slabs\ebay_257446300295.webp,3,1.0,1.0,1.0,1.0
data\raw_slabs\ebay_336446303798.webp,7,1.0,1.0,1.0,1.0
data\raw_slabs\ebay_277870751550.webp,9,1.0,1.0,1.0,1.0
data\raw_slabs\ebay_147225671683.webp,8,1.0,1.0,1.0,1.0
data\raw_slabs\ebay_205614033516.webp,3,1.0,1.0,1.0,1.0
data\raw_slabs\ebay_167573857058.webp,10,1.0,1.0,1.0,1.0
data\raw_slabs\ebay_198253378909.webp,3,1.0,1.0,1.0,1.0
data\raw_slabs\ebay_267323019982.webp,3,1.0,1.0,1.0,1.0
data\raw_slabs\ebay_277617949886.webp,3,1.0,1.0,1.0,1.0
data\raw_slabs\ebay_177276907744.webp,3,1.0,1.0,1.0,1.0
data\raw_slabs\ebay_226658806201.webp,3,1.0,1.0,1.0,1.0
data\raw_slabs\ebay_227233458128.webp,10,1.0,1.0,1.0,1.0
data\raw_slabs\ebay_155352528185.webp,9,1.0,1.0,1.0,1.0
data\raw_slabs\ebay_298089659049.webp,10,1.0,1.0,1.0,1.0
data\raw_slabs\ebay_388171504824.webp,3,1.0,1.0,1.0,1.0
data\raw_slabs\ebay_387970384147.webp,3,1.0,1.0,1.0,1.0
data\raw_slabs\ebay_147093148292.webp,3,1.0,1.0,1.0,1.0
data\raw_slabs\ebay_147085417137.webp,3,1.0,1.0,1.0,1.0
data\raw_slabs\ebay_147085410484.webp,3,1.0,1.0,1.0,1.0
data\raw_slabs\ebay_267575863282.webp,3,1.0,1.0,1.0,1.0
data\raw_slabs\ebay_226577173853.webp,3,1.0,1.0,1.0,1.0
data\raw_slabs\ebay_298121134354.webp,10,1.0,1.0,1.0,1.0
data\raw_slabs\ebay_226556300458.webp,3,1.0,1.0,1.0,1.0
data\raw_slabs\ebay_135992771145.webp,3,1.0,1.0,1.0,1.0
data\raw_slabs\ebay_206047733750.webp,3,1.0,1.0,1.0,1.0
data\raw_slabs\ebay_389703837888.webp,8,1.0,1.0,1.0,1.0
data\raw_slabs\ebay_387932593559.webp,3,1.0,1.0,1.0,1.0
data\raw_slabs\ebay_389447358766.webp,3,1.0,1.0,1.0,1.0
data\raw_slabs\ebay_406747715309.webp,9,1.0,1.0,1.0,1.0
data\raw_slabs\ebay_366252411103.webp,8,1.0,1.0,1.0,1.0
data\raw_slabs\ebay_227004276281.webp,3,1.0,1.0,1.0,1.0
data\raw_slabs\ebay_387894583173.webp,3,1.0,1.0,1.0,1.0
data\raw_slabs\ebay_227185151763.webp,3,1.0,1.0,1.0,1.0
data\raw_slabs\ebay_387970393192.webp,3,1.0,1.0,1.0,1.0
data\raw_slabs\ebay_358259452981.webp,8,1.0,1.0,1.0,1.0
data\raw_slabs\ebay_117044625868.webp,8,1.0,1.0,1.0,1.0
data\raw_slabs\ebay_266271478049.webp,5,1.0,1.0,1.0,1.0
data\raw_slabs\ebay_387894570813.webp,3,1.0,1.0,1.0,1.0
data\raw_slabs\ebay_358174084130.webp,3,1.0,1.0,1.0,1.0
data\raw_slabs\ebay_227036831377.webp,3,1.0,1.0,1.0,1.0
data\raw_slabs\ebay_397586286241.webp,3,1.0,1.0,1.0,1.0
data\raw_slabs\ebay_257157133702.webp,3,1.0,1.0,1.0,1.0
data\raw_slabs\ebay_389627565531.webp,3,1.0,1.0,1.0,1.0
data\raw_slabs\ebay_257245725581.webp,3,1.0,1.0,1.0,1.0
data\raw_slabs\ebay_357816288336.webp,3,1.0,1.0,1.0,1.0
data\raw_slabs\ebay_117015584849.webp,3,1.0,1.0,1.0,1.0
data\raw_slabs\ebay_206057388683.webp,3,1.0,1.0,1.0,1.0
data\raw_slabs\ebay_387894531763.webp,3,1.0,1.0,1.0,1.0
data\raw_slabs\ebay_147085416448.webp,3,1.0,1.0,1.0,1.0
data\raw_slabs\ebay_236619971563.webp,3,1.0,1.0,1.0,1.0
data\raw_slabs\ebay_187999655767.webp,3,1.0,1.0,1.0,1.0
data\raw_slabs\ebay_376890250819.webp,7,1.0,1.0,1.0,1.0
data\raw_slabs\ebay_306732701925.webp,3,1.0,1.0,1.0,1.0
data\raw_slabs\ebay_389582136874.webp,7,1.0,1.0,1.0,1.0
data\raw_slabs\ebay_226556301587.webp,3,1.0,1.0,1.0,1.0
data\raw_slabs\ebay_388171488967.webp,3,1.0,1.0,1.0,1.0
data\raw_slabs\ebay_257270255324.webp,3,1.0,1.0,1.0,1.0
data\raw_slabs\ebay_389552338022.webp,3,1.0,1.0,1.0,1.0
data\raw_slabs\ebay_387970390402.webp,3,1.0,1.0,1.0,1.0
data\raw_slabs\ebay_147085417779.webp,3,1.0,1.0,1.0,1.0
data\raw_slabs\ebay_306719717260.webp,3,1.0,1.0,1.0,1.0
data\raw_slabs\ebay_116987296318.webp,3,1.0,1.0,1.0,1.0
data\raw_slabs\ebay_306857858606.webp,8,1.0,1.0,1.0,1.0
data\raw_slabs\ebay_167894914465.webp,9,1.0,1.0,1.0,1.0
data\raw_slabs\ebay_318115130683.webp,4,1.0,1.0,1.0,1.0
data\raw_slabs\ebay_257445805012.webp,4,1.0,1.0,1.0,1.0
data\raw_slabs\ebay_406835613601.webp,5,1.0,1.0,1.0,1.0
data\raw_slabs\ebay_178002759472.webp,6,1.0,1.0,1.0,1.0
data\raw_slabs\ebay_257428674817.webp,4,1.0,1.0,1.0,1.0
data\raw_slabs\ebay_336496581255.webp,10,1.0,1.0,1.0,1.0
data\raw_slabs\ebay_117108219721.webp,4,1.0,1.0,1.0,1.0
data\raw_slabs\ebay_117111994932.webp,4,1.0,1.0,1.0,1.0
data\raw_slabs\ebay_187576704976.webp,4,1.0,1.0,1.0,1.0
data\raw_slabs\ebay_198209761438.webp,8,1.0,1.0,1.0,1.0
data\raw_slabs\ebay_117032529317.webp,9,1.0,1.0,1.0,1.0
data\raw_slabs\ebay_206151458609.webp,8,1.0,1.0,1.0,1.0
data\raw_slabs\ebay_306371164371.webp,4,1.0,1.0,1.0,1.0
data\raw_slabs\ebay_277357975801.webp,9,1.0,1.0,1.0,1.0
data\raw_slabs\ebay_157760820827.webp,4,1.0,1.0,1.0,1.0
data\raw_slabs\ebay_177943763332.webp,4,1.0,1.0,1.0,1.0
data\raw_slabs\ebay_198187333818.webp,5,1.0,1.0,1.0,1.0
data\raw_slabs\ebay_336466444587.webp,9,1.0,1.0,1.0,1.0
data\raw_slabs\ebay_116974261333.webp,4,1.0,1.0,1.0,1.0
data\raw_slabs\ebay_406747722861.webp,7,1.0,1.0,1.0,1.0
data\raw_slabs\ebay_406747623850.webp,7,1.0,1.0,1.0,1.0
data\raw_slabs\ebay_366254731984.webp,6,1.0,1.0,1.0,1.0
data\raw_slabs\ebay_365863896406.webp,4,1.0,1.0,1.0,1.0
data\raw_slabs\ebay_206094587668.webp,4,1.0,1.0,1.0,1.0
data\raw_slabs\ebay_397638609135.webp,10,1.0,1.0,1.0,1.0
data\raw_slabs\ebay_358225163063.webp,4,1.0,1.0,1.0,1.0
data\raw_slabs\ebay_287159074768.webp,4,1.0,1.0,1.0,1.0
data\raw_slabs\ebay_177804767201.webp,4,1.0,1.0,1.0,1.0
data\raw_slabs\ebay_167939793348.webp,4,1.0,1.0,1.0,1.0
data\raw_slabs\ebay_137027128162.webp,10,1.0,1.0,1.0,1.0
data\raw_slabs\ebay_137027136574.webp,4,1.0,1.0,1.0,1.0
data\raw_slabs\ebay_117071939241.webp,4,1.0,1.0,1.0,1.0
data\raw_slabs\ebay_406729637944.webp,5,1.0,1.0,1.0,1.0
data\raw_slabs\ebay_287179449846.webp,4,1.0,1.0,1.0,1.0
data\raw_slabs\ebay_397657402100.webp,4,1.0,1.0,1.0,1.0
data\raw_slabs\ebay_336464007499.webp,4,1.0,1.0,1.0,1.0
data\raw_slabs\ebay_117059477277.webp,4,1.0,1.0,1.0,1.0
data\raw_slabs\ebay_298051417267.webp,4,1.0,1.0,1.0,1.0
data\raw_slabs\ebay_227229838851.webp,4,1.0,1.0,1.0,1.0
data\raw_slabs\ebay_177875756846.webp,4,1.0,1.0,1.0,1.0
data\raw_slabs\ebay_188098680128.webp,7,1.0,1.0,1.0,1.0
data\raw_slabs\ebay_277712386080.webp,4,1.0,1.0,1.0,1.0
data\raw_slabs\ebay_267589804247.webp,4,1.0,1.0,1.0,1.0
data\raw_slabs\ebay_389491537022.webp,8,1.0,1.0,1.0,1.0
data\raw_slabs\ebay_187591396947.webp,4,1.0,1.0,1.0,1.0
data\raw_slabs\ebay_167939793248.webp,6,1.0,1.0,1.0,1.0
data\raw_slabs\ebay_287158942873.webp,4,1.0,1.0,1.0,1.0
data\raw_slabs\ebay_127701271203.webp,8,1.0,1.0,1.0,1.0
data\raw_slabs\ebay_376986900550.webp,4,1.0,1.0,1.0,1.0
data\raw_slabs\ebay_358139745923.webp,4,1.0,1.0,1.0,1.0
data\raw_slabs\ebay_227217148223.webp,8,1.0,1.0,1.0,1.0
data\raw_slabs\ebay_287017529659.webp,4,1.0,1.0,1.0,1.0
data\raw_slabs\ebay_206078734318.webp,4,1.0,1.0,1.0,1.0
data\raw_slabs\ebay_127688317064.webp,7,1.0,1.0,1.0,1.0
data\raw_slabs\ebay_198212774354.webp,5,1.0,1.0,1.0,1.0
data\raw_slabs\ebay_257444531296.webp,5,1.0,1.0,1.0,1.0
data\raw_slabs\ebay_287237155778.webp,9,1.0,1.0,1.0,1.0
data\raw_slabs\ebay_298089678935.webp,10,1.0,1.0,1.0,1.0
data\raw_slabs\ebay_147225505157.webp,5,1.0,1.0,1.0,1.0
data\raw_slabs\ebay_377068021868.webp,5,1.0,1.0,1.0,1.0
data\raw_slabs\ebay_287226507372.webp,5,1.0,1.0,1.0,1.0
data\raw_slabs\ebay_388394917442.webp,10,1.0,1.0,1.0,1.0
data\raw_slabs\ebay_127758373724.webp,8,1.0,1.0,1.0,1.0
data\raw_slabs\ebay_377035284751.webp,8,1.0,1.0,1.0,1.0
data\raw_slabs\ebay_327056535389.webp,6,1.0,1.0,1.0,1.0
data\raw_slabs\ebay_318000840648.webp,8,1.0,1.0,1.0,1.0
data\raw_slabs\ebay_287200953335.webp,10,1.0,1.0,1.0,1.0
data\raw_slabs\ebay_397554073246.webp,9,1.0,1.0,1.0,1.0
data\raw_slabs\ebay_298121129430.webp,10,1.0,1.0,1.0,1.0
data\raw_slabs\ebay_287204738931.webp,5,1.0,1.0,1.0,1.0
data\raw_slabs\ebay_267598256139.webp,5,1.0,1.0,1.0,1.0
data\raw_slabs\ebay_318004034404.webp,6,1.0,1.0,1.0,1.0
data\raw_slabs\ebay_206155159591.webp,5,1.0,1.0,1.0,1.0
data\raw_slabs\ebay_306830374165.webp,6,1.0,1.0,1.0,1.0
data\raw_slabs\ebay_389334084166.webp,5,1.0,1.0,1.0,1.0
data\raw_slabs\ebay_266269214744.webp,5,1.0,1.0,1.0,1.0
data\raw_slabs\ebay_406770175457.webp,5,1.0,1.0,1.0,1.0
data\raw_slabs\ebay_198149973624.webp,5,1.0,1.0,1.0,1.0
data\raw_slabs\ebay_406747583223.webp,8,1.0,1.0,1.0,1.0
data\raw_slabs\ebay_406747682433.webp,5,1.0,1.0,1.0,1.0
data\raw_slabs\ebay_327043375604.webp,5,1.0,1.0,1.0,1.0
data\raw_slabs\ebay_287166943410.webp,5,1.0,1.0,1.0,1.0
data\raw_slabs\ebay_117070195587.webp,5,1.0,1.0,1.0,1.0
data\raw_slabs\ebay_306568840866.webp,6,1.0,1.0,1.0,1.0
data\raw_slabs\ebay_117060162507.webp,6,1.0,1.0,1.0,1.0
data\raw_slabs\ebay_406684901134.webp,5,1.0,1.0,1.0,1.0
data\raw_slabs\ebay_168174681970.webp,8,1.0,1.0,1.0,1.0
data\raw_slabs\ebay_167711931947.webp,5,1.0,1.0,1.0,1.0
data\raw_slabs\ebay_336436203626.webp,5,1.0,1.0,1.0,1.0
data\raw_slabs\ebay_167939778869.webp,5,1.0,1.0,1.0,1.0
data\raw_slabs\ebay_406687828517.webp,5,1.0,1.0,1.0,1.0
data\raw_slabs\ebay_117021163338.webp,5,1.0,1.0,1.0,1.0
data\raw_slabs\ebay_406660609412.webp,5,1.0,1.0,1.0,1.0
data\raw_slabs\ebay_117015609090.webp,5,1.0,1.0,1.0,1.0
data\raw_slabs\ebay_397554073255.webp,5,1.0,1.0,1.0,1.0
data\raw_slabs\ebay_397554073254.webp,5,1.0,1.0,1.0,1.0
data\raw_slabs\ebay_146772656991.webp,5,1.0,1.0,1.0,1.0
data\raw_slabs\ebay_157639879276.webp,7,1.0,1.0,1.0,1.0
data\raw_slabs\ebay_116962938482.webp,5,1.0,1.0,1.0,1.0
data\raw_slabs\ebay_397545692654.webp,5,1.0,1.0,1.0,1.0
data\raw_slabs\ebay_376890484725.webp,5,1.0,1.0,1.0,1.0
data\raw_slabs\ebay_157644437329.webp,5,1.0,1.0,1.0,1.0
data\raw_slabs\ebay_236560223420.webp,5,1.0,1.0,1.0,1.0
data\raw_slabs\ebay_286822352197.webp,5,1.0,1.0,1.0,1.0
data\raw_slabs\ebay_167711932013.webp,5,1.0,1.0,1.0,1.0
data\raw_slabs\ebay_168098358115.webp,5,1.0,1.0,1.0,1.0
data\raw_slabs\ebay_236560160266.webp,5,1.0,1.0,1.0,1.0
data\raw_slabs\ebay_236560216323.webp,7,1.0,1.0,1.0,1.0
data\raw_slabs\ebay_203874843149.webp,7,1.0,1.0,1.0,1.0
data\raw_slabs\ebay_257294973025.webp,5,1.0,1.0,1.0,1.0
data\raw_slabs\ebay_147000055636.webp,5,1.0,1.0,1.0,1.0
data\raw_slabs\ebay_177758845032.webp,1,1.0,1.0,1.0,1.0
data\raw_slabs\ebay_277876875967.webp,7,1.0,1.0,1.0,1.0
data\raw_slabs\ebay_156915321766.webp,6,1.0,1.0,1.0,1.0
data\raw_slabs\ebay_377095629415.webp,9,1.0,1.0,1.0,1.0
data\raw_slabs\ebay_157801078841.webp,10,1.0,1.0,1.0,1.0
data\raw_slabs\ebay_406835424391.webp,9,1.0,1.0,1.0,1.0
data\raw_slabs\ebay_366327565953.webp,8,1.0,1.0,1.0,1.0
data\raw_slabs\ebay_397810986630.webp,6,1.0,1.0,1.0,1.0
data\raw_slabs\ebay_377074669732.webp,10,1.0,1.0,1.0,1.0
data\raw_slabs\ebay_317988920703.webp,10,1.0,1.0,1.0,1.0
data\raw_slabs\ebay_127792615417.webp,6,1.0,1.0,1.0,1.0
data\raw_slabs\ebay_137179101189.webp,6,1.0,1.0,1.0,1.0
data\raw_slabs\ebay_287233279130.webp,9,1.0,1.0,1.0,1.0
data\raw_slabs\ebay_147232466730.webp,10,1.0,1.0,1.0,1.0
data\raw_slabs\ebay_168231145866.webp,6,1.0,1.0,1.0,1.0
data\raw_slabs\ebay_406773237765.webp,9,1.0,1.0,1.0,1.0
data\raw_slabs\ebay_277858672804.webp,9,1.0,1.0,1.0,1.0
data\raw_slabs\ebay_236706035725.webp,8,1.0,1.0,1.0,1.0
data\raw_slabs\ebay_397794306347.webp,9,1.0,1.0,1.0,1.0
data\raw_slabs\ebay_298187225235.webp,10,1.0,1.0,1.0,1.0
data\raw_slabs\ebay_277842041960.webp,9,1.0,1.0,1.0,1.0
data\raw_slabs\ebay_389827207715.webp,10,1.0,1.0,1.0,1.0
data\raw_slabs\ebay_366294399202.webp,6,1.0,1.0,1.0,1.0
data\raw_slabs\ebay_188095218337.webp,9,1.0,1.0,1.0,1.0
data\raw_slabs\ebay_358384746904.webp,6,1.0,1.0,1.0,1.0
data\raw_slabs\ebay_277518224116.webp,6,1.0,1.0,1.0,1.0
data\raw_slabs\ebay_318059171686.webp,6,1.0,1.0,1.0,1.0
data\raw_slabs\ebay_257432186378.webp,6,1.0,1.0,1.0,1.0
data\raw_slabs\ebay_318055365215.webp,8,1.0,1.0,1.0,1.0
data\raw_slabs\ebay_177964525175.webp,6,1.0,1.0,1.0,1.0
data\raw_slabs\ebay_336497457863.webp,10,1.0,1.0,1.0,1.0
data\raw_slabs\ebay_277838211452.webp,10,1.0,1.0,1.0,1.0
data\raw_slabs\ebay_306830388676.webp,6,1.0,1.0,1.0,1.0
data\raw_slabs\ebay_366304514198.webp,6,1.0,1.0,1.0,1.0
data\raw_slabs\ebay_127770506859.webp,6,1.0,1.0,1.0,1.0
data\raw_slabs\ebay_198226134517.webp,10,1.0,1.0,1.0,1.0
data\raw_slabs\ebay_147045583073.webp,8,1.0,1.0,1.0,1.0
data\raw_slabs\ebay_127758414279.webp,10,1.0,1.0,1.0,1.0
data\raw_slabs\ebay_157772886987.webp,10,1.0,1.0,1.0,1.0
data\raw_slabs\ebay_377060036459.webp,6,1.0,1.0,1.0,1.0
data\raw_slabs\ebay_127763745868.webp,6,1.0,1.0,1.0,1.0
data\raw_slabs\ebay_157626392492.webp,9,1.0,1.0,1.0,1.0
data\raw_slabs\ebay_277518927120.webp,6,1.0,1.0,1.0,1.0
data\raw_slabs\ebay_206149357550.webp,9,1.0,1.0,1.0,1.0
data\raw_slabs\ebay_177956963091.webp,10,1.0,1.0,1.0,1.0
data\raw_slabs\ebay_389768781735.webp,9,1.0,1.0,1.0,1.0
data\raw_slabs\ebay_127756366202.webp,6,1.0,1.0,1.0,1.0
data\raw_slabs\ebay_187657395680.webp,6,1.0,1.0,1.0,1.0
data\raw_slabs\ebay_336433500763.webp,10,1.0,1.0,1.0,1.0
data\raw_slabs\ebay_298131089574.webp,6,1.0,1.0,1.0,1.0
data\raw_slabs\ebay_157770335884.webp,9,1.0,1.0,1.0,1.0
data\raw_slabs\ebay_397722875274.webp,6,1.0,1.0,1.0,1.0
data\raw_slabs\ebay_117062677909.webp,6,1.0,1.0,1.0,1.0
data\raw_slabs\ebay_127746904410.webp,6,1.0,1.0,1.0,1.0
data\raw_slabs\ebay_406770175405.webp,6,1.0,1.0,1.0,1.0
data\raw_slabs\ebay_406770175408.webp,6,1.0,1.0,1.0,1.0
data\raw_slabs\ebay_336466467996.webp,10,1.0,1.0,1.0,1.0
data\raw_slabs\ebay_389474869033.webp,10,1.0,1.0,1.0,1.0
data\raw_slabs\ebay_168155672824.webp,10,1.0,1.0,1.0,1.0
data\raw_slabs\ebay_298129538822.webp,9,1.0,1.0,1.0,1.0
data\raw_slabs\ebay_147047180481.webp,10,1.0,1.0,1.0,1.0
data\raw_slabs\ebay_267596551076.webp,9,1.0,1.0,1.0,1.0
data\raw_slabs\ebay_317704808219.webp,9,1.0,1.0,1.0,1.0
data\raw_slabs\ebay_157757206989.webp,8,1.0,1.0,1.0,1.0
data\raw_slabs\ebay_397714208318.webp,9,1.0,1.0,1.0,1.0
data\raw_slabs\ebay_127737489051.webp,10,1.0,1.0,1.0,1.0
data\raw_slabs\ebay_287186582122.webp,6,1.0,1.0,1.0,1.0
data\raw_slabs\ebay_406747680015.webp,6,1.0,1.0,1.0,1.0
data\raw_slabs\ebay_227256421480.webp,6,1.0,1.0,1.0,1.0
data\raw_slabs\ebay_227248125306.webp,9,1.0,1.0,1.0,1.0
data\raw_slabs\ebay_366104446664.webp,6,1.0,1.0,1.0,1.0
data\raw_slabs\ebay_167929363824.webp,6,1.0,1.0,1.0,1.0
data\raw_slabs\ebay_167649316997.webp,6,1.0,1.0,1.0,1.0
data\raw_slabs\ebay_397583061918.webp,6,1.0,1.0,1.0,1.0
data\raw_slabs\ebay_358271482328.webp,6,1.0,1.0,1.0,1.0
data\raw_slabs\ebay_298096088778.webp,6,1.0,1.0,1.0,1.0
data\raw_slabs\ebay_187711121095.webp,6,1.0,1.0,1.0,1.0
data\raw_slabs\ebay_127729712438.webp,6,1.0,1.0,1.0,1.0
data\raw_slabs\ebay_366259882015.webp,10,1.0,1.0,1.0,1.0
data\raw_slabs\ebay_366240974667.webp,6,1.0,1.0,1.0,1.0
data\raw_slabs\ebay_257359735714.webp,6,1.0,1.0,1.0,1.0
data\raw_slabs\ebay_406729460053.webp,6,1.0,1.0,1.0,1.0
data\raw_slabs\ebay_277762892488.webp,6,1.0,1.0,1.0,1.0
data\raw_slabs\ebay_389709605747.webp,6,1.0,1.0,1.0,1.0
data\raw_slabs\ebay_376876596222.webp,6,1.0,1.0,1.0,1.0
data\raw_slabs\ebay_127717130224.webp,6,1.0,1.0,1.0,1.0
data\raw_slabs\ebay_157705423348.webp,6,1.0,1.0,1.0,1.0
data\raw_slabs\ebay_287145934241.webp,6,1.0,1.0,1.0,1.0
data\raw_slabs\ebay_317946695605.webp,6,1.0,1.0,1.0,1.0
data\raw_slabs\ebay_227222441132.webp,6,1.0,1.0,1.0,1.0
data\raw_slabs\ebay_375844948891.webp,6,1.0,1.0,1.0,1.0
data\raw_slabs\ebay_127706789294.webp,6,1.0,1.0,1.0,1.0
data\raw_slabs\ebay_266262765008.webp,8,1.0,1.0,1.0,1.0
data\raw_slabs\ebay_157715929353.webp,6,1.0,1.0,1.0,1.0
data\raw_slabs\ebay_315604259245.webp,6,1.0,1.0,1.0,1.0
data\raw_slabs\ebay_325809679534.webp,7,1.0,1.0,1.0,1.0
data\raw_slabs\ebay_397789131559.webp,7,1.0,1.0,1.0,1.0
data\raw_slabs\ebay_406798937608.webp,8,1.0,1.0,1.0,1.0
data\raw_slabs\ebay_257446354385.webp,7,1.0,1.0,1.0,1.0
data\raw_slabs\ebay_117111990549.webp,8,1.0,1.0,1.0,1.0
data\raw_slabs\ebay_168275529633.webp,9,1.0,1.0,1.0,1.0
data\raw_slabs\ebay_167924406126.webp,7,1.0,1.0,1.0,1.0
data\raw_slabs\ebay_117059478476.webp,7,1.0,1.0,1.0,1.0
data\raw_slabs\ebay_389816130662.webp,7,1.0,1.0,1.0,1.0
data\raw_slabs\ebay_117015530790.webp,7,1.0,1.0,1.0,1.0
data\raw_slabs\ebay_287214742493.webp,10,1.0,1.0,1.0,1.0
data\raw_slabs\ebay_318024766491.webp,7,1.0,1.0,1.0,1.0
data\raw_slabs\ebay_227046438486.webp,7,1.0,1.0,1.0,1.0
data\raw_slabs\ebay_167521107743.webp,10,1.0,1.0,1.0,1.0
data\raw_slabs\ebay_167939778955.webp,7,1.0,1.0,1.0,1.0
data\raw_slabs\ebay_406768814733.webp,7,1.0,1.0,1.0,1.0
data\raw_slabs\ebay_236470138973.webp,7,1.0,1.0,1.0,1.0
data\raw_slabs\ebay_117079459355.webp,7,1.0,1.0,1.0,1.0
data\raw_slabs\ebay_377009377961.webp,7,1.0,1.0,1.0,1.0
data\raw_slabs\ebay_377009375773.webp,7,1.0,1.0,1.0,1.0
data\raw_slabs\ebay_227250154392.webp,10,1.0,1.0,1.0,1.0
data\raw_slabs\ebay_406753509664.webp,7,1.0,1.0,1.0,1.0
data\raw_slabs\ebay_297929641679.webp,7,1.0,1.0,1.0,1.0
data\raw_slabs\ebay_406735774032.webp,7,1.0,1.0,1.0,1.0
data\raw_slabs\ebay_406250301958.webp,7,1.0,1.0,1.0,1.0
data\raw_slabs\ebay_266291982367.webp,7,1.0,1.0,1.0,1.0
data\raw_slabs\ebay_205812682908.webp,7,1.0,1.0,1.0,1.0
data\raw_slabs\ebay_117060159101.webp,7,1.0,1.0,1.0,1.0
data\raw_slabs\ebay_406674667879.webp,7,1.0,1.0,1.0,1.0
data\raw_slabs\ebay_168171101746.webp,8,1.0,1.0,1.0,1.0
data\raw_slabs\ebay_167649314633.webp,7,1.0,1.0,1.0,1.0
data\raw_slabs\ebay_167649317058.webp,7,1.0,1.0,1.0,1.0
data\raw_slabs\ebay_406724147185.webp,7,1.0,1.0,1.0,1.0
data\raw_slabs\ebay_167649316148.webp,7,1.0,1.0,1.0,1.0
data\raw_slabs\ebay_406687840810.webp,7,1.0,1.0,1.0,1.0
data\raw_slabs\ebay_406687845070.webp,7,1.0,1.0,1.0,1.0
data\raw_slabs\ebay_326985291679.webp,7,1.0,1.0,1.0,1.0
data\raw_slabs\ebay_157588749421.webp,7,1.0,1.0,1.0,1.0
data\raw_slabs\ebay_167764534426.webp,7,1.0,1.0,1.0,1.0
data\raw_slabs\ebay_167764540536.webp,7,1.0,1.0,1.0,1.0
data\raw_slabs\ebay_406688019339.webp,7,1.0,1.0,1.0,1.0
data\raw_slabs\ebay_198114761805.webp,7,1.0,1.0,1.0,1.0
data\raw_slabs\ebay_317846402264.webp,7,1.0,1.0,1.0,1.0
data\raw_slabs\ebay_266271447362.webp,7,1.0,1.0,1.0,1.0
data\raw_slabs\ebay_205574724751.webp,7,1.0,1.0,1.0,1.0
data\raw_slabs\ebay_406390852279.webp,7,1.0,1.0,1.0,1.0
data\raw_slabs\ebay_257351159271.webp,7,1.0,1.0,1.0,1.0
data\raw_slabs\ebay_167649316238.webp,7,1.0,1.0,1.0,1.0
data\raw_slabs\ebay_406675797998.webp,7,1.0,1.0,1.0,1.0
data\raw_slabs\ebay_116637416902.webp,7,1.0,1.0,1.0,1.0
data\raw_slabs\ebay_297994682262.webp,7,1.0,1.0,1.0,1.0
data\raw_slabs\ebay_287111411698.webp,7,1.0,1.0,1.0,1.0
data\raw_slabs\ebay_266262704712.webp,7,1.0,1.0,1.0,1.0
data\raw_slabs\ebay_117015628464.webp,7,1.0,1.0,1.0,1.0
data\raw_slabs\ebay_146895889255.webp,7,1.0,1.0,1.0,1.0
data\raw_slabs\ebay_397554073323.webp,7,1.0,1.0,1.0,1.0
data\raw_slabs\ebay_297952874666.webp,7,1.0,1.0,1.0,1.0
data\raw_slabs\ebay_227198062799.webp,7,1.0,1.0,1.0,1.0
data\raw_slabs\ebay_167939793292.webp,7,1.0,1.0,1.0,1.0
data\raw_slabs\ebay_365104056837.webp,7,1.0,1.0,1.0,1.0
data\raw_slabs\ebay_317714882888.webp,7,1.0,1.0,1.0,1.0
data\raw_slabs\ebay_286587486868.webp,7,1.0,1.0,1.0,1.0
data\raw_slabs\ebay_287083760924.webp,7,1.0,1.0,1.0,1.0
data\raw_slabs\ebay_397263016494.webp,7,1.0,1.0,1.0,1.0
data\raw_slabs\ebay_406630499276.webp,7,1.0,1.0,1.0,1.0
data\raw_slabs\ebay_406618151203.webp,7,1.0,1.0,1.0,1.0
data\raw_slabs\ebay_389483855971.webp,7,1.0,1.0,1.0,1.0
data\raw_slabs\ebay_156323917374.webp,7,1.0,1.0,1.0,1.0
data\raw_slabs\ebay_167924405907.webp,7,1.0,1.0,1.0,1.0
data\raw_slabs\ebay_287053392268.webp,4,1.0,1.0,1.0,1.0
data\raw_slabs\ebay_168055175722.webp,4,1.0,1.0,1.0,1.0
data\raw_slabs\ebay_406781146103.webp,8,1.0,1.0,1.0,1.0
data\raw_slabs\ebay_365815332322.webp,8,1.0,1.0,1.0,1.0
data\raw_slabs\ebay_306830377489.webp,8,1.0,1.0,1.0,1.0
data\raw_slabs\ebay_397809002310.webp,10,1.0,1.0,1.0,1.0
data\raw_slabs\ebay_406781152819.webp,8,1.0,1.0,1.0,1.0
data\raw_slabs\ebay_287253915047.webp,8,1.0,1.0,1.0,1.0
data\raw_slabs\ebay_406785696225.webp,8,1.0,1.0,1.0,1.0
data\raw_slabs\ebay_176128041757.webp,8,1.0,1.0,1.0,1.0
data\raw_slabs\ebay_326714984675.webp,8,1.0,1.0,1.0,1.0
data\raw_slabs\ebay_168123269464.webp,8,1.0,1.0,1.0,1.0
data\raw_slabs\ebay_188219371784.webp,9,1.0,1.0,1.0,1.0
data\raw_slabs\ebay_168273403766.webp,8,1.0,1.0,1.0,1.0
data\raw_slabs\ebay_327075448334.webp,8,1.0,1.0,1.0,1.0
data\raw_slabs\ebay_206176559583.webp,8,1.0,1.0,1.0,1.0
data\raw_slabs\ebay_177866825264.webp,8,1.0,1.0,1.0,1.0
data\raw_slabs\ebay_236706035734.webp,8,1.0,1.0,1.0,1.0
data\raw_slabs\ebay_336469776758.webp,9,1.0,1.0,1.0,1.0
data\raw_slabs\ebay_236706035726.webp,8,1.0,1.0,1.0,1.0
data\raw_slabs\ebay_388717202450.webp,10,1.0,1.0,1.0,1.0
data\raw_slabs\ebay_406431590139.webp,8,1.0,1.0,1.0,1.0
data\raw_slabs\ebay_267612341403.webp,8,1.0,1.0,1.0,1.0
data\raw_slabs\ebay_406770175402.webp,8,1.0,1.0,1.0,1.0
data\raw_slabs\ebay_406770175432.webp,8,1.0,1.0,1.0,1.0
data\raw_slabs\ebay_406770175456.webp,8,1.0,1.0,1.0,1.0
data\raw_slabs\ebay_147201133848.webp,9,1.0,1.0,1.0,1.0
data\raw_slabs\ebay_336468015987.webp,8,1.0,1.0,1.0,1.0
data\raw_slabs\ebay_406747591628.webp,8,1.0,1.0,1.0,1.0
data\raw_slabs\ebay_227211666438.webp,8,1.0,1.0,1.0,1.0
data\raw_slabs\ebay_366254286736.webp,8,1.0,1.0,1.0,1.0
data\raw_slabs\ebay_406732823770.webp,8,1.0,1.0,1.0,1.0
data\raw_slabs\ebay_397008604530.webp,8,1.0,1.0,1.0,1.0
data\raw_slabs\ebay_397586285819.webp,8,1.0,1.0,1.0,1.0
data\raw_slabs\ebay_358251396470.webp,8,1.0,1.0,1.0,1.0
data\raw_slabs\ebay_389700329600.webp,8,1.0,1.0,1.0,1.0
data\raw_slabs\ebay_168171105288.webp,8,1.0,1.0,1.0,1.0
data\raw_slabs\ebay_136516540770.webp,8,1.0,1.0,1.0,1.0
data\raw_slabs\ebay_298089679218.webp,8,1.0,1.0,1.0,1.0
data\raw_slabs\ebay_297693500568.webp,8,1.0,1.0,1.0,1.0
data\raw_slabs\ebay_277761239172.webp,8,1.0,1.0,1.0,1.0
data\raw_slabs\ebay_277761208139.webp,8,1.0,1.0,1.0,1.0
data\raw_slabs\ebay_117068369272.webp,8,1.0,1.0,1.0,1.0
data\raw_slabs\ebay_168171127926.webp,8,1.0,1.0,1.0,1.0
data\raw_slabs\ebay_406688001180.webp,8,1.0,1.0,1.0,1.0
data\raw_slabs\ebay_336421045144.webp,8,1.0,1.0,1.0,1.0
data\raw_slabs\ebay_406687856975.webp,8,1.0,1.0,1.0,1.0
data\raw_slabs\ebay_366219548742.webp,8,1.0,1.0,1.0,1.0
data\raw_slabs\ebay_397649608783.webp,8,1.0,1.0,1.0,1.0
data\raw_slabs\ebay_317911938909.webp,8,1.0,1.0,1.0,1.0
data\raw_slabs\ebay_236655418433.webp,8,1.0,1.0,1.0,1.0
data\raw_slabs\ebay_406714590144.webp,8,1.0,1.0,1.0,1.0
data\raw_slabs\ebay_397263043285.webp,8,1.0,1.0,1.0,1.0
data\raw_slabs\ebay_117044647802.webp,8,1.0,1.0,1.0,1.0
data\raw_slabs\ebay_117044638753.webp,8,1.0,1.0,1.0,1.0
data\raw_slabs\ebay_117044637447.webp,8,1.0,1.0,1.0,1.0
data\raw_slabs\ebay_127692261959.webp,8,1.0,1.0,1.0,1.0
data\raw_slabs\ebay_117044601392.webp,8,1.0,1.0,1.0,1.0
data\raw_slabs\ebay_406687862787.webp,8,1.0,1.0,1.0,1.0
data\raw_slabs\ebay_306730901482.webp,8,1.0,1.0,1.0,1.0
data\raw_slabs\ebay_389645415261.webp,8,1.0,1.0,1.0,1.0
data\raw_slabs\ebay_277697423172.webp,8,1.0,1.0,1.0,1.0
data\raw_slabs\ebay_406687821903.webp,8,1.0,1.0,1.0,1.0
data\raw_slabs\ebay_168164976341.webp,8,1.0,1.0,1.0,1.0
data\raw_slabs\ebay_397819209211.webp,9,1.0,1.0,1.0,1.0
data\raw_slabs\ebay_318118013994.webp,9,1.0,1.0,1.0,1.0
data\raw_slabs\ebay_168277137002.webp,9,1.0,1.0,1.0,1.0
data\raw_slabs\ebay_397735860677.webp,9,1.0,1.0,1.0,1.0
data\raw_slabs\ebay_318092392041.webp,10,1.0,1.0,1.0,1.0
data\raw_slabs\ebay_277518376827.webp,9,1.0,1.0,1.0,1.0
data\raw_slabs\ebay_257412666710.webp,9,1.0,1.0,1.0,1.0
data\raw_slabs\ebay_406563579872.webp,9,1.0,1.0,1.0,1.0
data\raw_slabs\ebay_287235264443.webp,9,1.0,1.0,1.0,1.0
data\raw_slabs\ebay_117125159722.webp,9,1.0,1.0,1.0,1.0
data\raw_slabs\ebay_406781140305.webp,9,1.0,1.0,1.0,1.0
data\raw_slabs\ebay_117124870076.webp,9,1.0,1.0,1.0,1.0
data\raw_slabs\ebay_358275268121.webp,9,1.0,1.0,1.0,1.0
data\raw_slabs\ebay_397586284558.webp,9,1.0,1.0,1.0,1.0
data\raw_slabs\ebay_267623723396.webp,9,1.0,1.0,1.0,1.0
data\raw_slabs\ebay_206015324962.webp,9,1.0,1.0,1.0,1.0
data\raw_slabs\ebay_406784195556.webp,9,1.0,1.0,1.0,1.0
data\raw_slabs\ebay_177987052956.webp,9,1.0,1.0,1.0,1.0
data\raw_slabs\ebay_157796510926.webp,9,1.0,1.0,1.0,1.0
data\raw_slabs\ebay_358391394199.webp,9,1.0,1.0,1.0,1.0
data\raw_slabs\ebay_397757507345.webp,9,1.0,1.0,1.0,1.0
data\raw_slabs\ebay_188110274757.webp,9,1.0,1.0,1.0,1.0
data\raw_slabs\ebay_406739917674.webp,9,1.0,1.0,1.0,1.0
data\raw_slabs\ebay_117114934825.webp,9,1.0,1.0,1.0,1.0
data\raw_slabs\ebay_117115156858.webp,9,1.0,1.0,1.0,1.0
data\raw_slabs\ebay_227271464781.webp,9,1.0,1.0,1.0,1.0
data\raw_slabs\ebay_406791570491.webp,9,1.0,1.0,1.0,1.0
data\raw_slabs\ebay_306835463956.webp,9,1.0,1.0,1.0,1.0
data\raw_slabs\ebay_277817504896.webp,10,1.0,1.0,1.0,1.0
data\raw_slabs\ebay_406473803298.webp,9,1.0,1.0,1.0,1.0
data\raw_slabs\ebay_236706035719.webp,9,1.0,1.0,1.0,1.0
data\raw_slabs\ebay_406785695256.webp,9,1.0,1.0,1.0,1.0
data\raw_slabs\ebay_236706035737.webp,9,1.0,1.0,1.0,1.0
data\raw_slabs\ebay_287191059815.webp,9,1.0,1.0,1.0,1.0
data\raw_slabs\ebay_377035278937.webp,9,1.0,1.0,1.0,1.0
data\raw_slabs\ebay_376856614339.webp,9,1.0,1.0,1.0,1.0
data\raw_slabs\ebay_406795005981.webp,9,1.0,1.0,1.0,1.0
data\raw_slabs\ebay_366288039014.webp,9,1.0,1.0,1.0,1.0
data\raw_slabs\ebay_116890980802.webp,9,1.0,1.0,1.0,1.0
data\raw_slabs\ebay_406785694905.webp,9,1.0,1.0,1.0,1.0
data\raw_slabs\ebay_227259442405.webp,9,1.0,1.0,1.0,1.0
data\raw_slabs\ebay_277788572381.webp,9,1.0,1.0,1.0,1.0
data\raw_slabs\ebay_236706227430.webp,9,1.0,1.0,1.0,1.0
data\raw_slabs\ebay_377054077538.webp,9,1.0,1.0,1.0,1.0
data\raw_slabs\ebay_389752693243.webp,9,1.0,1.0,1.0,1.0
data\raw_slabs\ebay_397554073311.webp,9,1.0,1.0,1.0,1.0
data\raw_slabs\ebay_157754996752.webp,9,1.0,1.0,1.0,1.0
data\raw_slabs\ebay_366265846803.webp,9,1.0,1.0,1.0,1.0
data\raw_slabs\ebay_188157370397.webp,9,1.0,1.0,1.0,1.0
data\raw_slabs\ebay_406770175460.webp,9,1.0,1.0,1.0,1.0
data\raw_slabs\ebay_406770175440.webp,9,1.0,1.0,1.0,1.0
data\raw_slabs\ebay_397554073332.webp,9,1.0,1.0,1.0,1.0
data\raw_slabs\ebay_227249226575.webp,9,1.0,1.0,1.0,1.0
data\raw_slabs\ebay_198197490075.webp,9,1.0,1.0,1.0,1.0
data\raw_slabs\ebay_326985291681.webp,9,1.0,1.0,1.0,1.0
data\raw_slabs\ebay_397554073299.webp,9,1.0,1.0,1.0,1.0
data\raw_slabs\ebay_397710929914.webp,9,1.0,1.0,1.0,1.0
data\raw_slabs\ebay_227217143033.webp,9,1.0,1.0,1.0,1.0
data\raw_slabs\ebay_188131088383.webp,9,1.0,1.0,1.0,1.0
data\raw_slabs\ebay_389825836086.webp,10,1.0,1.0,1.0,1.0
data\raw_slabs\ebay_137182717633.webp,10,1.0,1.0,1.0,1.0
data\raw_slabs\ebay_287237771922.webp,10,1.0,1.0,1.0,1.0
data\raw_slabs\ebay_287237772172.webp,10,1.0,1.0,1.0,1.0
data\raw_slabs\ebay_287233336519.webp,10,1.0,1.0,1.0,1.0
data\raw_slabs\ebay_287236942192.webp,10,1.0,1.0,1.0,1.0
data\raw_slabs\ebay_287237750774.webp,10,1.0,1.0,1.0,1.0
data\raw_slabs\ebay_287235263561.webp,10,1.0,1.0,1.0,1.0
data\raw_slabs\ebay_287237190770.webp,10,1.0,1.0,1.0,1.0
data\raw_slabs\ebay_287237190769.webp,10,1.0,1.0,1.0,1.0
data\raw_slabs\ebay_354690044812.webp,10,1.0,1.0,1.0,1.0
data\raw_slabs\ebay_406781133977.webp,10,1.0,1.0,1.0,1.0
data\raw_slabs\ebay_366208677900.webp,10,1.0,1.0,1.0,1.0
data\raw_slabs\ebay_298105211910.webp,10,1.0,1.0,1.0,1.0
data\raw_slabs\ebay_336505331929.webp,10,1.0,1.0,1.0,1.0
data\raw_slabs\ebay_389794313318.webp,10,1.0,1.0,1.0,1.0
data\raw_slabs\ebay_236675173608.webp,10,1.0,1.0,1.0,1.0
data\raw_slabs\ebay_157770324690.webp,10,1.0,1.0,1.0,1.0
data\raw_slabs\ebay_236540482668.webp,10,1.0,1.0,1.0,1.0
data\raw_slabs\ebay_178010058238.webp,10,1.0,1.0,1.0,1.0
data\raw_slabs\ebay_298177676092.webp,10,1.0,1.0,1.0,1.0
data\raw_slabs\ebay_397554073367.webp,10,1.0,1.0,1.0,1.0
data\raw_slabs\ebay_127716330948.webp,10,1.0,1.0,1.0,1.0
data\raw_slabs\ebay_287220095449.webp,10,1.0,1.0,1.0,1.0
data\raw_slabs\ebay_287220021007.webp,10,1.0,1.0,1.0,1.0
data\raw_slabs\ebay_287220021026.webp,10,1.0,1.0,1.0,1.0
data\raw_slabs\ebay_327072276873.webp,10,1.0,1.0,1.0,1.0
data\raw_slabs\ebay_156982245153.webp,10,1.0,1.0,1.0,1.0
data\raw_slabs\ebay_336496591721.webp,10,1.0,1.0,1.0,1.0
data\raw_slabs\ebay_406692100927.webp,10,1.0,1.0,1.0,1.0
data\raw_slabs\ebay_137151677461.webp,10,1.0,1.0,1.0,1.0
data\raw_slabs\ebay_127758382391.webp,10,1.0,1.0,1.0,1.0
data\raw_slabs\ebay_198222348714.webp,10,1.0,1.0,1.0,1.0
data\raw_slabs\ebay_137140692224.webp,10,1.0,1.0,1.0,1.0
data\raw_slabs\ebay_397602143924.webp,10,1.0,1.0,1.0,1.0
data\raw_slabs\ebay_277771141013.webp,10,1.0,1.0,1.0,1.0
data\raw_slabs\ebay_188167735334.webp,10,1.0,1.0,1.0,1.0
data\raw_slabs\ebay_287195484903.webp,10,1.0,1.0,1.0,1.0
data\raw_slabs\ebay_287200940720.webp,10,1.0,1.0,1.0,1.0
data\raw_slabs\ebay_287204738951.webp,10,1.0,1.0,1.0,1.0
data\raw_slabs\ebay_257408640121.webp,10,1.0,1.0,1.0,1.0
data\raw_slabs\ebay_389027624157.webp,10,1.0,1.0,1.0,1.0
data\raw_slabs\ebay_236676356596.webp,10,1.0,1.0,1.0,1.0
data\raw_slabs\ebay_287121887577.webp,10,1.0,1.0,1.0,1.0
data\raw_slabs\ebay_287053849645.webp,10,1.0,1.0,1.0,1.0
data\raw_slabs\ebay_198158599504.webp,10,1.0,1.0,1.0,1.0
data\raw_slabs\ebay_306811434613.webp,10,1.0,1.0,1.0,1.0
data\raw_slabs\ebay_377032239899.webp,10,1.0,1.0,1.0,1.0
data\raw_slabs\ebay_336444147528.webp,10,1.0,1.0,1.0,1.0
data\raw_slabs\ebay_406770175425.webp,10,1.0,1.0,1.0,1.0
data\raw_slabs\ebay_406770175430.webp,10,1.0,1.0,1.0,1.0
data\raw_slabs\ebay_406770175426.webp,10,1.0,1.0,1.0,1.0
data\raw_slabs\ebay_236676348242.webp,10,1.0,1.0,1.0,1.0
data\raw_slabs\ebay_117093681750.webp,10,1.0,1.0,1.0,1.0
data\raw_slabs\ebay_127714797962.webp,10,1.0,1.0,1.0,1.0
data\raw_slabs\ebay_168243544733.webp,10,1.0,1.0,1.0,1.0
data\raw_slabs\ebay_317759654186.webp,10,1.0,1.0,1.0,1.0
data\raw_slabs\ebay_168090631811.webp,10,1.0,1.0,1.0,1.0
data\raw_slabs\ebay_177934983141.webp,10,1.0,1.0,1.0,1.0
data\raw_slabs\ebay_157761371076.webp,10,1.0,1.0,1.0,1.0
data\raw_slabs\ebay_406751122916.webp,10,1.0,1.0,1.0,1.0
data\raw_slabs\ebay_287182391921.webp,10,1.0,1.0,1.0,1.0
data\raw_slabs\ebay_287184489535.webp,10,1.0,1.0,1.0,1.0
data\raw_slabs\ebay_287182385831.webp,10,1.0,1.0,1.0,1.0
data\raw_slabs\ebay_317995811510.webp,10,1.0,1.0,1.0,1.0
data\raw_slabs\ebay_317998541502.webp,10,1.0,1.0,1.0,1.0
data\raw_slabs\ebay_236676340402.webp,10,1.0,1.0,1.0,1.0
data\raw_slabs\ebay_236674958105.webp,10,1.0,1.0,1.0,1.0
data\raw_slabs\ebay_257403496239.webp,10,1.0,1.0,1.0,1.0
data\raw_slabs\ebay_336391878093.webp,10,1.0,1.0,1.0,1.0
data\raw_slabs\ebay_406760178837.webp,10,1.0,1.0,1.0,1.0
data\raw_slabs\ebay_389400218877.webp,10,1.0,1.0,1.0,1.0
data\raw_slabs\ebay_206085780417.webp,10,1.0,1.0,1.0,1.0
data\raw_slabs\ebay_177889036885.webp,10,1.0,1.0,1.0,1.0
data\raw_slabs\ebay_236675179551.webp,10,1.0,1.0,1.0,1.0
data\raw_slabs\ebay_389438696266.webp,9,1.0,1.0,1.0,1.0
data\raw_slabs\ebay_227211631627.webp,9,1.0,1.0,1.0,1.0
data\raw_slabs\ebay_117078071973.webp,9,1.0,1.0,1.0,1.0
data\raw_slabs\ebay_397554073303.webp,9,1.0,1.0,1.0,1.0
data\raw_slabs\ebay_187174632111.webp,9,1.0,1.0,1.0,1.0
data\raw_slabs\ebay_298107753947.webp,9,1.0,1.0,1.0,1.0
data\raw_slabs\ebay_287080265449.webp,1,1.0,1.0,1.0,1.0
data\raw_slabs\ebay_287166942584.webp,10,1.0,1.0,1.0,1.0
data\raw_slabs\ebay_317944810553.webp,1,1.0,1.0,1.0,1.0
data\raw_slabs\ebay_277755936581.webp,9,1.0,1.0,1.0,1.0
data\raw_slabs\ebay_277755915908.webp,9,1.0,1.0,1.0,1.0
data\raw_slabs\ebay_287179472768.webp,1,1.0,1.0,1.0,1.0
data\raw_slabs\ebay_287177638320.webp,1,1.0,1.0,1.0,1.0
data\raw_slabs\ebay_257314472833.webp,10,1.0,1.0,1.0,1.0
data\raw_slabs\ebay_137056901345.webp,9,1.0,1.0,1.0,1.0
data\raw_slabs\ebay_167902950626.webp,8,1.0,1.0,1.0,1.0
data\raw_slabs\ebay_187644075246.webp,9,1.0,1.0,1.0,1.0
data\raw_slabs\ebay_265365645452.webp,9,1.0,1.0,1.0,1.0
data\raw_slabs\ebay_358227134130.webp,9,1.0,1.0,1.0,1.0
data\raw_slabs\ebay_366165715802.webp,8,1.0,1.0,1.0,1.0
data\raw_slabs\ebay_187995324543.webp,9,1.0,1.0,1.0,1.0
data\raw_slabs\ebay_227211687234.webp,8,1.0,1.0,1.0,1.0
data\raw_slabs\ebay_187646843035.webp,8,1.0,1.0,1.0,1.0
data\raw_slabs\ebay_287126834546.webp,8,1.0,1.0,1.0,1.0
data\raw_slabs\ebay_227217348959.webp,9,1.0,1.0,1.0,1.0
data\raw_slabs\ebay_287124143787.webp,9,1.0,1.0,1.0,1.0
data\raw_slabs\ebay_287124143499.webp,10,1.0,1.0,1.0,1.0
data\raw_slabs\ebay_397586276293.webp,9,1.0,1.0,1.0,1.0
data\raw_slabs\ebay_224743154447.webp,1,1.0,1.0,1.0,1.0
data\raw_slabs\ebay_406695390140.webp,9,1.0,1.0,1.0,1.0
data\raw_slabs\ebay_168157741542.webp,10,1.0,1.0,1.0,1.0
data\raw_slabs\ebay_287131983042.webp,1,1.0,1.0,1.0,1.0
data\raw_slabs\ebay_198076580755.webp,9,1.0,1.0,1.0,1.0
data\raw_slabs\ebay_406675903874.webp,6,1.0,1.0,1.0,1.0
data\raw_slabs\ebay_167929362566.webp,9,1.0,1.0,1.0,1.0
data\raw_slabs\ebay_336420936772.webp,10,1.0,1.0,1.0,1.0
data\raw_slabs\ebay_236573717416.webp,9,1.0,1.0,1.0,1.0
data\raw_slabs\ebay_236603596116.webp,10,1.0,1.0,1.0,1.0
data\raw_slabs\ebay_365934469382.webp,4,1.0,1.0,1.0,1.0
data\raw_slabs\ebay_336405176309.webp,1,1.0,1.0,1.0,1.0
data\raw_slabs\ebay_287081969914.webp,1,1.0,1.0,1.0,1.0
data\raw_slabs\ebay_287093070557.webp,10,1.0,1.0,1.0,1.0
data\raw_slabs\ebay_336405170355.webp,1,1.0,1.0,1.0,1.0
data\raw_slabs\ebay_157645941347.webp,6,1.0,1.0,1.0,1.0
data\raw_slabs\ebay_116974701210.webp,4,1.0,1.0,1.0,1.0
data\raw_slabs\ebay_167939791076.webp,1,1.0,1.0,1.0,1.0
data\raw_slabs\ebay_266262768263.webp,6,1.0,1.0,1.0,1.0
data\raw_slabs\ebay_287080057772.webp,1,1.0,1.0,1.0,1.0
data\raw_slabs\ebay_358166372476.webp,1,1.0,1.0,1.0,1.0
data\raw_slabs\ebay_287080272884.webp,1,1.0,1.0,1.0,1.0
data\raw_slabs\ebay_187710971253.webp,4,1.0,1.0,1.0,1.0
data\raw_slabs\ebay_287080083718.webp,1,1.0,1.0,1.0,1.0
data\raw_slabs\ebay_286823001339.webp,1,1.0,1.0,1.0,1.0
data\raw_slabs\ebay_287055244354.webp,8,1.0,1.0,1.0,1.0
data\raw_slabs\ebay_187717514521.webp,6,1.0,1.0,1.0,1.0
data\raw_slabs\ebay_177730065573.webp,10,1.0,1.0,1.0,1.0
data\raw_slabs\ebay_168069395018.webp,8,1.0,1.0,1.0,1.0
data\raw_slabs\ebay_287080288907.webp,1,1.0,1.0,1.0,1.0
data\raw_slabs\ebay_286362967830.webp,3,1.0,1.0,1.0,1.0
data\raw_slabs\ebay_397494857006.webp,1,1.0,1.0,1.0,1.0
data\raw_slabs\ebay_287079642675.webp,10,1.0,1.0,1.0,1.0
data\raw_slabs\ebay_287081966992.webp,4,1.0,1.0,1.0,1.0
data\raw_slabs\ebay_205925270244.webp,4,1.0,1.0,1.0,1.0
data\raw_slabs\ebay_287081962631.webp,1,1.0,1.0,1.0,1.0
data\raw_slabs\ebay_287080278059.webp,1,1.0,1.0,1.0,1.0
data\raw_slabs\ebay_205589457899.webp,6,1.0,1.0,1.0,1.0
data\raw_slabs\ebay_187943030205.webp,1,1.0,1.0,1.0,1.0
data\raw_slabs\ebay_287080284795.webp,1,1.0,1.0,1.0,1.0
data\raw_slabs\ebay_277614081461.webp,1,1.0,1.0,1.0,1.0
data\raw_slabs\ebay_358075254744.webp,1,1.0,1.0,1.0,1.0
data\raw_slabs\ebay_336379254705.webp,1,1.0,1.0,1.0,1.0
data\raw_slabs\ebay_187580280298.webp,1,1.0,1.0,1.0,1.0
data\raw_slabs\ebay_157525832882.webp,1,1.0,1.0,1.0,1.0
data\raw_slabs\ebay_404055080027.webp,8,1.0,1.0,1.0,1.0
data\raw_slabs\ebay_127620316042.webp,3,1.0,1.0,1.0,1.0
data\raw_slabs\ebay_317708733473.webp,3,1.0,1.0,1.0,1.0
data\raw_slabs\ebay_227173977252.webp,3,1.0,1.0,1.0,1.0
data\raw_slabs\ebay_267535137585.webp,3,1.0,1.0,1.0,1.0
data\raw_slabs\ebay_287045664924.webp,3,1.0,1.0,1.0,1.0
data\raw_slabs\ebay_287158949637.webp,4,1.0,1.0,1.0,1.0
data\raw_slabs\ebay_147154626349.webp,10,1.0,1.0,1.0,1.0
data\raw_slabs\ebay_336420994464.webp,10,1.0,1.0,1.0,1.0
data\raw_slabs\ebay_317872375131.webp,4,1.0,1.0,1.0,1.0
data\raw_slabs\ebay_285154402409.webp,10,1.0,1.0,1.0,1.0
data\raw_slabs\ebay_137043036707.webp,6,1.0,1.0,1.0,1.0
data\raw_slabs\ebay_366206883039.webp,10,1.0,1.0,1.0,1.0
data\raw_slabs\ebay_406691507336.webp,10,1.0,1.0,1.0,1.0
data\raw_slabs\ebay_287126657196.webp,9,1.0,1.0,1.0,1.0
data\raw_slabs\ebay_198101986041.webp,4,1.0,1.0,1.0,1.0
data\raw_slabs\ebay_336407783649.webp,4,1.0,1.0,1.0,1.0
data\raw_slabs\ebay_358198681000.webp,4,1.0,1.0,1.0,1.0
data\raw_slabs\ebay_376654766009.webp,10,1.0,1.0,1.0,1.0
data\raw_slabs\ebay_287106443827.webp,9,1.0,1.0,1.0,1.0
data\raw_slabs\ebay_326991376776.webp,4,1.0,1.0,1.0,1.0
data\raw_slabs\ebay_147142770458.webp,10,1.0,1.0,1.0,1.0
data\raw_slabs\ebay_397564461247.webp,6,1.0,1.0,1.0,1.0
data\raw_slabs\ebay_157660344182.webp,4,1.0,1.0,1.0,1.0
data\raw_slabs\ebay_117015603295.webp,4,1.0,1.0,1.0,1.0
data\raw_slabs\ebay_287095487620.webp,4,1.0,1.0,1.0,1.0
data\raw_slabs\ebay_286945167859.webp,10,1.0,1.0,1.0,1.0
data\raw_slabs\ebay_157644337260.webp,6,1.0,1.0,1.0,1.0
data\raw_slabs\ebay_366149656114.webp,4,1.0,1.0,1.0,1.0
data\raw_slabs\ebay_157635127434.webp,4,1.0,1.0,1.0,1.0
data\raw_slabs\ebay_146895917264.webp,4,1.0,1.0,1.0,1.0
data\raw_slabs\ebay_116986834757.webp,6,1.0,1.0,1.0,1.0
data\raw_slabs\ebay_287060296488.webp,4,1.0,1.0,1.0,1.0
data\raw_slabs\ebay_287060276502.webp,8,1.0,1.0,1.0,1.0
data\raw_slabs\ebay_287071408054.webp,10,1.0,1.0,1.0,1.0
data\raw_slabs\ebay_317771068919.webp,4,1.0,1.0,1.0,1.0
data\raw_slabs\ebay_157612142845.webp,6,1.0,1.0,1.0,1.0
data\raw_slabs\ebay_366106819307.webp,4,1.0,1.0,1.0,1.0
data\raw_slabs\ebay_127621701128.webp,4,1.0,1.0,1.0,1.0
data\raw_slabs\ebay_287039228961.webp,4,1.0,1.0,1.0,1.0
data\raw_slabs\ebay_317752297302.webp,4,1.0,1.0,1.0,1.0
data\raw_slabs\ebay_127696519333.webp,6,1.0,1.0,1.0,1.0
data\raw_slabs\ebay_389658378411.webp,9,1.0,1.0,1.0,1.0
data\raw_slabs\ebay_397638609522.webp,10,1.0,1.0,1.0,1.0
data\raw_slabs\ebay_366220745998.webp,6,1.0,1.0,1.0,1.0
data\raw_slabs\ebay_366223681164.webp,6,1.0,1.0,1.0,1.0
data\raw_slabs\ebay_137040840462.webp,6,1.0,1.0,1.0,1.0
data\raw_slabs\ebay_317912863992.webp,8,1.0,1.0,1.0,1.0
data\raw_slabs\ebay_287097249354.webp,10,1.0,1.0,1.0,1.0
data\raw_slabs\ebay_168171097996.webp,6,1.0,1.0,1.0,1.0
data\raw_slabs\ebay_147165639725.webp,6,1.0,1.0,1.0,1.0
data\raw_slabs\ebay_406651263363.webp,6,1.0,1.0,1.0,1.0
data\raw_slabs\ebay_306767805623.webp,9,1.0,1.0,1.0,1.0
data\raw_slabs\ebay_397545382376.webp,6,1.0,1.0,1.0,1.0
data\raw_slabs\ebay_127687119523.webp,6,1.0,1.0,1.0,1.0
data\raw_slabs\ebay_266267492810.webp,6,1.0,1.0,1.0,1.0
data\raw_slabs\ebay_117030081211.webp,9,1.0,1.0,1.0,1.0
data\raw_slabs\ebay_406688013847.webp,6,1.0,1.0,1.0,1.0
data\raw_slabs\ebay_177858795787.webp,6,1.0,1.0,1.0,1.0
data\raw_slabs\ebay_266986711792.webp,6,1.0,1.0,1.0,1.0
data\raw_slabs\ebay_266262675459.webp,6,1.0,1.0,1.0,1.0
data\raw_slabs\ebay_389627130619.webp,10,1.0,1.0,1.0,1.0
data\raw_slabs\ebay_326997825222.webp,6,1.0,1.0,1.0,1.0
data\raw_slabs\ebay_317892380308.webp,8,1.0,1.0,1.0,1.0
data\raw_slabs\ebay_397583061695.webp,9,1.0,1.0,1.0,1.0
data\raw_slabs\ebay_267578154503.webp,9,1.0,1.0,1.0,1.0
data\raw_slabs\ebay_267574977291.webp,9,1.0,1.0,1.0,1.0
data\raw_slabs\ebay_317884747307.webp,10,1.0,1.0,1.0,1.0
data\raw_slabs\ebay_397598555587.webp,10,1.0,1.0,1.0,1.0
data\raw_slabs\ebay_236560177373.webp,8,1.0,1.0,1.0,1.0
data\raw_slabs\ebay_397545514751.webp,10,1.0,1.0,1.0,1.0
data\raw_slabs\ebay_234971916508.webp,6,1.0,1.0,1.0,1.0
data\raw_slabs\ebay_397554073370.webp,9,1.0,1.0,1.0,1.0
data\raw_slabs\ebay_389578403072.webp,10,1.0,1.0,1.0,1.0
data\raw_slabs\ebay_366149650285.webp,6,1.0,1.0,1.0,1.0
data\raw_slabs\ebay_117015619662.webp,9,1.0,1.0,1.0,1.0
data\raw_slabs\ebay_397554073313.webp,9,1.0,1.0,1.0,1.0
data\raw_slabs\ebay_147130527339.webp,9,1.0,1.0,1.0,1.0
data\raw_slabs\ebay_117029069076.webp,9,1.0,1.0,1.0,1.0
data\raw_slabs\ebay_389600376272.webp,9,1.0,1.0,1.0,1.0
data\raw_slabs\ebay_389578387286.webp,10,1.0,1.0,1.0,1.0
data\raw_slabs\ebay_127667642493.webp,6,1.0,1.0,1.0,1.0
data\raw_slabs\ebay_366160129850.webp,6,1.0,1.0,1.0,1.0
data\raw_slabs\ebay_206017783065.webp,10,1.0,1.0,1.0,1.0
data\raw_slabs\ebay_116974702988.webp,9,1.0,1.0,1.0,1.0
data\raw_slabs\ebay_389578482246.webp,10,1.0,1.0,1.0,1.0
data\raw_slabs\ebay_389578390667.webp,10,1.0,1.0,1.0,1.0
data\raw_slabs\ebay_389578480434.webp,10,1.0,1.0,1.0,1.0
data\raw_slabs\ebay_206042613166.webp,6,1.0,1.0,1.0,1.0
data\raw_slabs\ebay_146895883033.webp,6,1.0,1.0,1.0,1.0
data\raw_slabs\ebay_146895910387.webp,6,1.0,1.0,1.0,1.0
data\raw_slabs\ebay_146895913061.webp,6,1.0,1.0,1.0,1.0
data\raw_slabs\ebay_389550800567.webp,10,1.0,1.0,1.0,1.0
data\raw_slabs\ebay_306747329612.webp,6,1.0,1.0,1.0,1.0
data\raw_slabs\ebay_127652163584.webp,6,1.0,1.0,1.0,1.0
data\raw_slabs\ebay_267553748049.webp,6,1.0,1.0,1.0,1.0
data\raw_slabs\ebay_397545521407.webp,6,1.0,1.0,1.0,1.0
data\raw_slabs\ebay_389550796379.webp,10,1.0,1.0,1.0,1.0
data\raw_slabs\ebay_376901285363.webp,6,1.0,1.0,1.0,1.0
data\raw_slabs\ebay_136982862903.webp,6,1.0,1.0,1.0,1.0
data\raw_slabs\ebay_317464648793.webp,10,1.0,1.0,1.0,1.0
data\raw_slabs\ebay_306722618908.webp,6,1.0,1.0,1.0,1.0
data\raw_slabs\ebay_389550788317.webp,10,1.0,1.0,1.0,1.0
data\raw_slabs\ebay_336401624792.webp,10,1.0,1.0,1.0,1.0
data\raw_slabs\ebay_157645948511.webp,6,1.0,1.0,1.0,1.0
data\raw_slabs\ebay_389531649930.webp,10,1.0,1.0,1.0,1.0
data\raw_slabs\ebay_116998220264.webp,6,1.0,1.0,1.0,1.0
data\raw_slabs\ebay_127642069144.webp,6,1.0,1.0,1.0,1.0
data\raw_slabs\ebay_366163246281.webp,6,1.0,1.0,1.0,1.0
data\raw_slabs\ebay_146895873961.webp,6,1.0,1.0,1.0,1.0
data\raw_slabs\ebay_405826064555.webp,6,1.0,1.0,1.0,1.0
data\raw_slabs\ebay_267558546176.webp,6,1.0,1.0,1.0,1.0
data\raw_slabs\ebay_227131548331.webp,10,1.0,1.0,1.0,1.0
data\raw_slabs\ebay_389550787303.webp,10,1.0,1.0,1.0,1.0
data\raw_slabs\ebay_127642145904.webp,6,1.0,1.0,1.0,1.0
data\raw_slabs\ebay_389531647555.webp,10,1.0,1.0,1.0,1.0
data\raw_slabs\ebay_376890223307.webp,6,1.0,1.0,1.0,1.0
data\raw_slabs\ebay_317704847243.webp,6,1.0,1.0,1.0,1.0
data\raw_slabs\ebay_267553591373.webp,6,1.0,1.0,1.0,1.0
data\raw_slabs\ebay_177784732151.webp,6,1.0,1.0,1.0,1.0
data\raw_slabs\ebay_198035712861.webp,10,1.0,1.0,1.0,1.0
data\raw_slabs\ebay_127631362003.webp,6,1.0,1.0,1.0,1.0
data\raw_slabs\ebay_236560144494.webp,6,1.0,1.0,1.0,1.0
data\raw_slabs\ebay_406617907178.webp,6,1.0,1.0,1.0,1.0
data\raw_slabs\ebay_357865975635.webp,10,1.0,1.0,1.0,1.0
data\raw_slabs\ebay_226724678012.webp,8,1.0,1.0,1.0,1.0
data\raw_slabs\ebay_397456855679.webp,8,1.0,1.0,1.0,1.0
data\raw_slabs\ebay_136865622718.webp,6,1.0,1.0,1.0,1.0
data\raw_slabs\ebay_136960548829.webp,6,1.0,1.0,1.0,1.0
data\raw_slabs\ebay_127627374736.webp,6,1.0,1.0,1.0,1.0
data\raw_slabs\ebay_389483990263.webp,6,1.0,1.0,1.0,1.0
data\raw_slabs\ebay_146895880312.webp,6,1.0,1.0,1.0,1.0
data\raw_slabs\ebay_326953413254.webp,6,1.0,1.0,1.0,1.0
data\raw_slabs\ebay_277518234421.webp,6,1.0,1.0,1.0,1.0
data\raw_slabs\ebay_297909593382.webp,6,1.0,1.0,1.0,1.0
data\raw_slabs\ebay_317708445162.webp,6,1.0,1.0,1.0,1.0
data\raw_slabs\ebay_136919721668.webp,6,1.0,1.0,1.0,1.0
data\raw_slabs\ebay_366102417446.webp,6,1.0,1.0,1.0,1.0
data\raw_slabs\ebay_226547055325.webp,6,1.0,1.0,1.0,1.0
data\raw_slabs\ebay_127606057038.webp,6,1.0,1.0,1.0,1.0
data\raw_slabs\ebay_236560168647.webp,6,1.0,1.0,1.0,1.0
data\raw_slabs\ebay_157604920695.webp,6,1.0,1.0,1.0,1.0
data\raw_slabs\ebay_358080254804.webp,6,1.0,1.0,1.0,1.0
data\raw_slabs\ebay_306691336173.webp,6,1.0,1.0,1.0,1.0
data\raw_slabs\ebay_317714902793.webp,6,1.0,1.0,1.0,1.0
data\raw_slabs\ebay_236197126633.webp,8,1.0,1.0,1.0,1.0
data\raw_slabs\ebay_127688322747.webp,8,1.0,1.0,1.0,1.0
data\raw_slabs\ebay_236650386658.webp,8,1.0,1.0,1.0,1.0
data\raw_slabs\ebay_117040988411.webp,8,1.0,1.0,1.0,1.0
data\raw_slabs\ebay_376969932876.webp,8,1.0,1.0,1.0,1.0
data\raw_slabs\ebay_389622228575.webp,8,1.0,1.0,1.0,1.0
data\raw_slabs\ebay_366143577481.webp,8,1.0,1.0,1.0,1.0
data\raw_slabs\ebay_127694792277.webp,8,1.0,1.0,1.0,1.0
data\raw_slabs\ebay_358213885745.webp,8,1.0,1.0,1.0,1.0
data\raw_slabs\ebay_267580287202.webp,8,1.0,1.0,1.0,1.0
data\raw_slabs\ebay_406688027793.webp,8,1.0,1.0,1.0,1.0
data\raw_slabs\ebay_326985291682.webp,9,1.0,1.0,1.0,1.0
data\raw_slabs\ebay_117015817230.webp,8,1.0,1.0,1.0,1.0
data\raw_slabs\ebay_227182585259.webp,9,1.0,1.0,1.0,1.0
data\raw_slabs\ebay_358221416382.webp,9,1.0,1.0,1.0,1.0
data\raw_slabs\ebay_406687860464.webp,8,1.0,1.0,1.0,1.0
data\raw_slabs\ebay_317861044434.webp,9,1.0,1.0,1.0,1.0
data\raw_slabs\ebay_157657596810.webp,8,1.0,1.0,1.0,1.0
data\raw_slabs\ebay_168033208289.webp,8,1.0,1.0,1.0,1.0
data\raw_slabs\ebay_227211673782.webp,8,1.0,1.0,1.0,1.0
data\raw_slabs\ebay_406687984231.webp,8,1.0,1.0,1.0,1.0
data\raw_slabs\ebay_406687873725.webp,8,1.0,1.0,1.0,1.0
data\raw_slabs\ebay_117015632254.webp,9,1.0,1.0,1.0,1.0
data\raw_slabs\ebay_127666096216.webp,8,1.0,1.0,1.0,1.0
data\raw_slabs\ebay_406687847701.webp,9,1.0,1.0,1.0,1.0
data\raw_slabs\ebay_117015794908.webp,8,1.0,1.0,1.0,1.0
data\raw_slabs\ebay_389488397044.webp,10,1.0,1.0,1.0,1.0
data\raw_slabs\ebay_326985291684.webp,8,1.0,1.0,1.0,1.0
data\raw_slabs\ebay_117015804457.webp,8,1.0,1.0,1.0,1.0
data\raw_slabs\ebay_236607922913.webp,8,1.0,1.0,1.0,1.0
data\raw_slabs\ebay_117015826861.webp,8,1.0,1.0,1.0,1.0
data\raw_slabs\ebay_295925300705.webp,8,1.0,1.0,1.0,1.0
data\raw_slabs\ebay_117015791025.webp,8,1.0,1.0,1.0,1.0
data\raw_slabs\ebay_389507685415.webp,8,1.0,1.0,1.0,1.0
data\raw_slabs\ebay_317678614530.webp,8,1.0,1.0,1.0,1.0
data\raw_slabs\ebay_146898063584.webp,8,1.0,1.0,1.0,1.0
data\raw_slabs\ebay_366019727437.webp,8,1.0,1.0,1.0,1.0
data\raw_slabs\ebay_227180881137.webp,8,1.0,1.0,1.0,1.0
data\raw_slabs\ebay_376891187279.webp,8,1.0,1.0,1.0,1.0
data\raw_slabs\ebay_406630499269.webp,8,1.0,1.0,1.0,1.0
data\raw_slabs\ebay_366127430181.webp,8,1.0,1.0,1.0,1.0
data\raw_slabs\ebay_277664836683.webp,8,1.0,1.0,1.0,1.0
data\raw_slabs\ebay_287028049479.webp,8,1.0,1.0,1.0,1.0
data\raw_slabs\ebay_267148192289.webp,8,1.0,1.0,1.0,1.0
data\raw_slabs\ebay_287061615317.webp,8,1.0,1.0,1.0,1.0
data\raw_slabs\ebay_187879820788.webp,8,1.0,1.0,1.0,1.0
data\raw_slabs\ebay_236563844060.webp,8,1.0,1.0,1.0,1.0
data\raw_slabs\ebay_358028249396.webp,8,1.0,1.0,1.0,1.0
data\raw_slabs\ebay_297859442885.webp,8,1.0,1.0,1.0,1.0
data\raw_slabs\ebay_168068264875.webp,8,1.0,1.0,1.0,1.0
data\raw_slabs\ebay_168033208470.webp,8,1.0,1.0,1.0,1.0
data\raw_slabs\ebay_317735350912.webp,8,1.0,1.0,1.0,1.0
data\raw_slabs\ebay_116830213912.webp,9,1.0,1.0,1.0,1.0
data\raw_slabs\ebay_358255204525.webp,9,1.0,1.0,1.0,1.0
data\raw_slabs\ebay_406687815801.webp,9,1.0,1.0,1.0,1.0
data\raw_slabs\ebay_306802080231.webp,9,1.0,1.0,1.0,1.0
data\raw_slabs\ebay_389686387142.webp,9,1.0,1.0,1.0,1.0
data\raw_slabs\ebay_127722403562.webp,9,1.0,1.0,1.0,1.0
data\raw_slabs\ebay_157733619670.webp,9,1.0,1.0,1.0,1.0
data\raw_slabs\ebay_397586284932.webp,9,1.0,1.0,1.0,1.0
data\raw_slabs\ebay_298011027846.webp,9,1.0,1.0,1.0,1.0
data\raw_slabs\ebay_336016065108.webp,9,1.0,1.0,1.0,1.0
data\raw_slabs\ebay_236667362678.webp,9,1.0,1.0,1.0,1.0
data\raw_slabs\ebay_236036690661.webp,9,1.0,1.0,1.0,1.0
data\raw_slabs\ebay_397649875920.webp,9,1.0,1.0,1.0,1.0
data\raw_slabs\ebay_188083139515.webp,9,1.0,1.0,1.0,1.0
data\raw_slabs\ebay_397554073346.webp,9,1.0,1.0,1.0,1.0
data\raw_slabs\ebay_406687816593.webp,9,1.0,1.0,1.0,1.0
data\raw_slabs\ebay_389662311392.webp,9,1.0,1.0,1.0,1.0
data\raw_slabs\ebay_167711887096.webp,9,1.0,1.0,1.0,1.0
data\raw_slabs\ebay_236657755317.webp,9,1.0,1.0,1.0,1.0
data\raw_slabs\ebay_236657755293.webp,9,1.0,1.0,1.0,1.0
data\raw_slabs\ebay_236657755306.webp,9,1.0,1.0,1.0,1.0
data\raw_slabs\ebay_389609441351.webp,9,1.0,1.0,1.0,1.0
data\raw_slabs\ebay_406650908357.webp,9,1.0,1.0,1.0,1.0
data\raw_slabs\ebay_287131049778.webp,9,1.0,1.0,1.0,1.0
data\raw_slabs\ebay_177854398816.webp,9,1.0,1.0,1.0,1.0
data\raw_slabs\ebay_137065318420.webp,9,1.0,1.0,1.0,1.0
data\raw_slabs\ebay_389665366812.webp,9,1.0,1.0,1.0,1.0
data\raw_slabs\ebay_306716788606.webp,9,1.0,1.0,1.0,1.0
data\raw_slabs\ebay_137037786867.webp,9,1.0,1.0,1.0,1.0
data\raw_slabs\ebay_227216915651.webp,9,1.0,1.0,1.0,1.0
data\raw_slabs\ebay_127682767736.webp,9,1.0,1.0,1.0,1.0
data\raw_slabs\ebay_366215689748.webp,9,1.0,1.0,1.0,1.0
data\raw_slabs\ebay_306748896814.webp,9,1.0,1.0,1.0,1.0
data\raw_slabs\ebay_357987472813.webp,9,1.0,1.0,1.0,1.0
data\raw_slabs\ebay_406693284258.webp,9,1.0,1.0,1.0,1.0
data\raw_slabs\ebay_287104228862.webp,9,1.0,1.0,1.0,1.0
data\raw_slabs\ebay_406684733185.webp,9,1.0,1.0,1.0,1.0
data\raw_slabs\ebay_187648725799.webp,9,1.0,1.0,1.0,1.0
data\raw_slabs\ebay_137035880127.webp,9,1.0,1.0,1.0,1.0
data\raw_slabs\ebay_406687869539.webp,9,1.0,1.0,1.0,1.0
data\raw_slabs\ebay_406687815147.webp,9,1.0,1.0,1.0,1.0
data\raw_slabs\ebay_225725837054.webp,9,1.0,1.0,1.0,1.0
data\raw_slabs\ebay_287124144578.webp,9,1.0,1.0,1.0,1.0
data\raw_slabs\ebay_287124143115.webp,9,1.0,1.0,1.0,1.0
data\raw_slabs\ebay_358221410273.webp,9,1.0,1.0,1.0,1.0
data\raw_slabs\ebay_287126657114.webp,9,1.0,1.0,1.0,1.0
data\raw_slabs\ebay_389635542042.webp,10,1.0,1.0,1.0,1.0
data\raw_slabs\ebay_116824718729.webp,9,1.0,1.0,1.0,1.0
data\raw_slabs\ebay_366183817910.webp,9,1.0,1.0,1.0,1.0
data\raw_slabs\ebay_137028603767.webp,9,1.0,1.0,1.0,1.0
data\raw_slabs\ebay_157664732550.webp,9,1.0,1.0,1.0,1.0
data\raw_slabs\ebay_397586286078.webp,9,1.0,1.0,1.0,1.0
data\raw_slabs\ebay_406687872333.webp,9,1.0,1.0,1.0,1.0
data\raw_slabs\ebay_406687955187.webp,9,1.0,1.0,1.0,1.0
data\raw_slabs\ebay_226731074449.webp,9,1.0,1.0,1.0,1.0
data\raw_slabs\ebay_406678871113.webp,9,1.0,1.0,1.0,1.0
data\raw_slabs\ebay_406678855355.webp,9,1.0,1.0,1.0,1.0
data\raw_slabs\ebay_406687977153.webp,9,1.0,1.0,1.0,1.0
data\raw_slabs\ebay_117015820922.webp,9,1.0,1.0,1.0,1.0
data\raw_slabs\ebay_406676180919.webp,9,1.0,1.0,1.0,1.0
data\raw_slabs\ebay_336407792747.webp,9,1.0,1.0,1.0,1.0
data\raw_slabs\ebay_117015709097.webp,9,1.0,1.0,1.0,1.0
data\raw_slabs\ebay_117015677901.webp,9,1.0,1.0,1.0,1.0
data\raw_slabs\ebay_397586281921.webp,9,1.0,1.0,1.0,1.0
data\raw_slabs\ebay_167893579983.webp,9,1.0,1.0,1.0,1.0
data\raw_slabs\ebay_336326709132.webp,9,1.0,1.0,1.0,1.0
data\raw_slabs\ebay_127671529129.webp,9,1.0,1.0,1.0,1.0
data\raw_slabs\ebay_206047797449.webp,9,1.0,1.0,1.0,1.0
data\raw_slabs\ebay_397583060316.webp,9,1.0,1.0,1.0,1.0
data\raw_slabs\ebay_227198323676.webp,9,1.0,1.0,1.0,1.0
data\raw_slabs\ebay_227123943525.webp,9,1.0,1.0,1.0,1.0
data\raw_slabs\ebay_157666537529.webp,9,1.0,1.0,1.0,1.0
data\raw_slabs\ebay_397554073355.webp,9,1.0,1.0,1.0,1.0
data\raw_slabs\ebay_317780108447.webp,9,1.0,1.0,1.0,1.0
data\raw_slabs\ebay_146895877113.webp,9,1.0,1.0,1.0,1.0
data\raw_slabs\ebay_366170443723.webp,9,1.0,1.0,1.0,1.0
data\raw_slabs\ebay_227179709543.webp,9,1.0,1.0,1.0,1.0
data\raw_slabs\ebay_235783572898.webp,9,1.0,1.0,1.0,1.0
data\raw_slabs\ebay_287115580004.webp,9,1.0,1.0,1.0,1.0
data\raw_slabs\ebay_397554073269.webp,9,1.0,1.0,1.0,1.0
data\raw_slabs\ebay_267553747747.webp,9,1.0,1.0,1.0,1.0
data\raw_slabs\ebay_187999176530.webp,9,1.0,1.0,1.0,1.0
data\raw_slabs\ebay_317767292872.webp,9,1.0,1.0,1.0,1.0
data\raw_slabs\ebay_287093070259.webp,9,1.0,1.0,1.0,1.0
data\raw_slabs\ebay_397554073243.webp,9,1.0,1.0,1.0,1.0
data\raw_slabs\ebay_406651110160.webp,9,1.0,1.0,1.0,1.0
data\raw_slabs\ebay_389531069684.webp,9,1.0,1.0,1.0,1.0
data\raw_slabs\ebay_297865499417.webp,9,1.0,1.0,1.0,1.0
data\raw_slabs\ebay_236514846284.webp,9,1.0,1.0,1.0,1.0
data\raw_slabs\ebay_389518406413.webp,9,1.0,1.0,1.0,1.0
data\raw_slabs\ebay_406621322060.webp,9,1.0,1.0,1.0,1.0
data\raw_slabs\ebay_116995922739.webp,9,1.0,1.0,1.0,1.0
data\raw_slabs\ebay_376891280988.webp,9,1.0,1.0,1.0,1.0
data\raw_slabs\ebay_406630499246.webp,9,1.0,1.0,1.0,1.0
data\raw_slabs\ebay_406630499245.webp,9,1.0,1.0,1.0,1.0
data\raw_slabs\ebay_406630499247.webp,9,1.0,1.0,1.0,1.0
data\raw_slabs\ebay_406630499249.webp,9,1.0,1.0,1.0,1.0
data\raw_slabs\ebay_177446746522.webp,10,1.0,1.0,1.0,1.0
data\raw_slabs\ebay_406630499258.webp,9,1.0,1.0,1.0,1.0
data\raw_slabs\ebay_406630499271.webp,9,1.0,1.0,1.0,1.0
data\raw_slabs\ebay_287082721477.webp,10,1.0,1.0,1.0,1.0
data\raw_slabs\ebay_116986846241.webp,9,1.0,1.0,1.0,1.0
data\raw_slabs\ebay_116829535638.webp,9,1.0,1.0,1.0,1.0
data\raw_slabs\ebay_116830910111.webp,9,1.0,1.0,1.0,1.0
data\raw_slabs\ebay_116830934396.webp,9,1.0,1.0,1.0,1.0
data\raw_slabs\ebay_287061432864.webp,9,1.0,1.0,1.0,1.0
data\raw_slabs\ebay_236676549252.webp,10,1.0,1.0,1.0,1.0
data\raw_slabs\ebay_287168981544.webp,10,1.0,1.0,1.0,1.0
data\raw_slabs\ebay_287167051744.webp,10,1.0,1.0,1.0,1.0
data\raw_slabs\ebay_287167051747.webp,10,1.0,1.0,1.0,1.0
data\raw_slabs\ebay_287167051734.webp,10,1.0,1.0,1.0,1.0
data\raw_slabs\ebay_287166942585.webp,10,1.0,1.0,1.0,1.0
data\raw_slabs\ebay_298089770820.webp,10,1.0,1.0,1.0,1.0
data\raw_slabs\ebay_198165115066.webp,10,1.0,1.0,1.0,1.0
data\raw_slabs\ebay_406666560483.webp,10,1.0,1.0,1.0,1.0
data\raw_slabs\ebay_277468001838.webp,10,1.0,1.0,1.0,1.0
data\raw_slabs\ebay_167876356745.webp,10,1.0,1.0,1.0,1.0
data\raw_slabs\ebay_298089658680.webp,10,1.0,1.0,1.0,1.0
data\raw_slabs\ebay_389682538754.webp,10,1.0,1.0,1.0,1.0
data\raw_slabs\ebay_389664809075.webp,10,1.0,1.0,1.0,1.0
data\raw_slabs\ebay_366236132891.webp,10,1.0,1.0,1.0,1.0
data\raw_slabs\ebay_286883083477.webp,10,1.0,1.0,1.0,1.0
data\raw_slabs\ebay_336276254002.webp,10,1.0,1.0,1.0,1.0
data\raw_slabs\ebay_366195856057.webp,10,1.0,1.0,1.0,1.0
data\raw_slabs\ebay_267591619177.webp,10,1.0,1.0,1.0,1.0
data\raw_slabs\ebay_257261218686.webp,10,1.0,1.0,1.0,1.0
data\raw_slabs\ebay_389661398420.webp,10,1.0,1.0,1.0,1.0
data\raw_slabs\ebay_236652013168.webp,10,1.0,1.0,1.0,1.0
data\raw_slabs\ebay_358251059502.webp,10,1.0,1.0,1.0,1.0
data\raw_slabs\ebay_358251058018.webp,10,1.0,1.0,1.0,1.0
data\raw_slabs\ebay_358251051866.webp,10,1.0,1.0,1.0,1.0
data\raw_slabs\ebay_287153811808.webp,10,1.0,1.0,1.0,1.0
data\raw_slabs\ebay_157716522712.webp,10,1.0,1.0,1.0,1.0
data\raw_slabs\ebay_327021560143.webp,10,1.0,1.0,1.0,1.0
data\raw_slabs\ebay_375947413701.webp,10,1.0,1.0,1.0,1.0
data\raw_slabs\ebay_397632757365.webp,10,1.0,1.0,1.0,1.0
data\raw_slabs\ebay_297720728808.webp,10,1.0,1.0,1.0,1.0
data\raw_slabs\ebay_397638608663.webp,10,1.0,1.0,1.0,1.0
data\raw_slabs\ebay_406713596543.webp,10,1.0,1.0,1.0,1.0
data\raw_slabs\ebay_336444144721.webp,10,1.0,1.0,1.0,1.0
data\raw_slabs\ebay_406713301026.webp,10,1.0,1.0,1.0,1.0
data\raw_slabs\ebay_406713274622.webp,10,1.0,1.0,1.0,1.0
data\raw_slabs\ebay_127692748091.webp,10,1.0,1.0,1.0,1.0
data\raw_slabs\ebay_127703105147.webp,10,1.0,1.0,1.0,1.0
data\raw_slabs\ebay_397599577166.webp,10,1.0,1.0,1.0,1.0
data\raw_slabs\ebay_298057784935.webp,10,1.0,1.0,1.0,1.0
data\raw_slabs\ebay_287142098272.webp,10,1.0,1.0,1.0,1.0
data\raw_slabs\ebay_287140573930.webp,10,1.0,1.0,1.0,1.0
data\raw_slabs\ebay_287140622796.webp,10,1.0,1.0,1.0,1.0
data\raw_slabs\ebay_358209931765.webp,10,1.0,1.0,1.0,1.0
data\raw_slabs\ebay_389627217672.webp,10,1.0,1.0,1.0,1.0
data\raw_slabs\ebay_227224305404.webp,10,1.0,1.0,1.0,1.0
data\raw_slabs\ebay_406650906497.webp,10,1.0,1.0,1.0,1.0
data\raw_slabs\ebay_389589387049.webp,10,1.0,1.0,1.0,1.0
data\raw_slabs\ebay_287131038057.webp,10,1.0,1.0,1.0,1.0
data\raw_slabs\ebay_167764543205.webp,10,1.0,1.0,1.0,1.0
data\raw_slabs\ebay_397606758548.webp,10,1.0,1.0,1.0,1.0
data\raw_slabs\ebay_406693250257.webp,10,1.0,1.0,1.0,1.0
data\raw_slabs\ebay_406693172051.webp,10,1.0,1.0,1.0,1.0
data\raw_slabs\ebay_397595897467.webp,10,1.0,1.0,1.0,1.0
data\raw_slabs\ebay_406691519340.webp,10,1.0,1.0,1.0,1.0
data\raw_slabs\ebay_406691501973.webp,10,1.0,1.0,1.0,1.0
data\raw_slabs\ebay_406691496885.webp,10,1.0,1.0,1.0,1.0
data\raw_slabs\ebay_376954353310.webp,10,1.0,1.0,1.0,1.0
data\raw_slabs\ebay_127677392299.webp,10,1.0,1.0,1.0,1.0
data\raw_slabs\ebay_287124144481.webp,10,1.0,1.0,1.0,1.0
data\raw_slabs\ebay_287126657184.webp,10,1.0,1.0,1.0,1.0
data\raw_slabs\ebay_206056116231.webp,10,1.0,1.0,1.0,1.0
data\raw_slabs\ebay_336253588844.webp,10,1.0,1.0,1.0,1.0
data\raw_slabs\ebay_136904494271.webp,10,1.0,1.0,1.0,1.0
data\raw_slabs\ebay_406678903676.webp,10,1.0,1.0,1.0,1.0
data\raw_slabs\ebay_406675164959.webp,10,1.0,1.0,1.0,1.0
data\raw_slabs\ebay_406675155516.webp,10,1.0,1.0,1.0,1.0
data\raw_slabs\ebay_406675145678.webp,10,1.0,1.0,1.0,1.0
data\raw_slabs\ebay_389489406549.webp,10,1.0,1.0,1.0,1.0
data\raw_slabs\ebay_406684592958.webp,10,1.0,1.0,1.0,1.0
data\raw_slabs\ebay_397554073307.webp,10,1.0,1.0,1.0,1.0
data\raw_slabs\ebay_227206084204.webp,10,1.0,1.0,1.0,1.0
data\raw_slabs\ebay_389569099091.webp,10,1.0,1.0,1.0,1.0
data\raw_slabs\ebay_389551314267.webp,10,1.0,1.0,1.0,1.0
data\raw_slabs\ebay_287124208413.webp,10,1.0,1.0,1.0,1.0
data\raw_slabs\ebay_287106445257.webp,10,1.0,1.0,1.0,1.0
data\raw_slabs\ebay_168132633019.webp,10,1.0,1.0,1.0,1.0
data\raw_slabs\ebay_127657316440.webp,10,1.0,1.0,1.0,1.0
data\raw_slabs\ebay_127657480293.webp,10,1.0,1.0,1.0,1.0
data\raw_slabs\ebay_336413897756.webp,10,1.0,1.0,1.0,1.0
data\raw_slabs\ebay_406666608369.webp,10,1.0,1.0,1.0,1.0
data\raw_slabs\ebay_406651480932.webp,10,1.0,1.0,1.0,1.0
data\raw_slabs\ebay_297981354790.webp,10,1.0,1.0,1.0,1.0
data\raw_slabs\ebay_366152571573.webp,10,1.0,1.0,1.0,1.0
data\raw_slabs\ebay_388713891986.webp,10,1.0,1.0,1.0,1.0
data\raw_slabs\ebay_336414622551.webp,10,1.0,1.0,1.0,1.0
data\raw_slabs\ebay_287093070578.webp,10,1.0,1.0,1.0,1.0
data\raw_slabs\ebay_287111608438.webp,10,1.0,1.0,1.0,1.0
data\raw_slabs\ebay_306734336616.webp,10,1.0,1.0,1.0,1.0
data\raw_slabs\ebay_376910925939.webp,10,1.0,1.0,1.0,1.0
data\raw_slabs\ebay_406530827970.webp,10,1.0,1.0,1.0,1.0
data\raw_slabs\ebay_389027628630.webp,10,1.0,1.0,1.0,1.0
data\raw_slabs\ebay_287077596883.webp,10,1.0,1.0,1.0,1.0
data\raw_slabs\ebay_287077831564.webp,10,1.0,1.0,1.0,1.0
data\raw_slabs\ebay_277560255324.webp,10,1.0,1.0,1.0,1.0
data\raw_slabs\ebay_168034689976.webp,10,1.0,1.0,1.0,1.0
data\raw_slabs\ebay_406616454002.webp,10,1.0,1.0,1.0,1.0
data\raw_slabs\ebay_406630499255.webp,10,1.0,1.0,1.0,1.0
data\raw_slabs\ebay_406630499283.webp,10,1.0,1.0,1.0,1.0
data\raw_slabs\ebay_406630499268.webp,10,1.0,1.0,1.0,1.0
data\raw_slabs\ebay_168034740947.webp,10,1.0,1.0,1.0,1.0
data\raw_slabs\ebay_236586143323.webp,10,1.0,1.0,1.0,1.0
data\raw_slabs\ebay_366126067801.webp,10,1.0,1.0,1.0,1.0
data\raw_slabs\ebay_336385758554.webp,10,1.0,1.0,1.0,1.0
data\raw_slabs\ebay_397480644879.webp,10,1.0,1.0,1.0,1.0
data\raw_slabs\ebay_397294138159.webp,10,1.0,1.0,1.0,1.0
data\raw_slabs\ebay_227157598481.webp,10,1.0,1.0,1.0,1.0
data\raw_slabs\ebay_397426501811.webp,10,1.0,1.0,1.0,1.0
data\raw_slabs\ebay_336277244819.webp,10,1.0,1.0,1.0,1.0
data\raw_slabs\ebay_397462247752.webp,10,1.0,1.0,1.0,1.0
data\raw_slabs\ebay_187883082049.webp,10,1.0,1.0,1.0,1.0
data\raw_slabs\ebay_297806556858.webp,10,1.0,1.0,1.0,1.0
data\raw_slabs\ebay_227211691631.webp,9,1.0,1.0,1.0,1.0
data\raw_slabs\ebay_257359697619.webp,9,1.0,1.0,1.0,1.0
data\raw_slabs\ebay_267584827710.webp,9,1.0,1.0,1.0,1.0
data\raw_slabs\ebay_397638609795.webp,9,1.0,1.0,1.0,1.0
data\raw_slabs\ebay_397545492171.webp,9,1.0,1.0,1.0,1.0
data\raw_slabs\ebay_127688351000.webp,9,1.0,1.0,1.0,1.0
data\raw_slabs\ebay_397554073315.webp,9,1.0,1.0,1.0,1.0
data\raw_slabs\ebay_397638611443.webp,9,1.0,1.0,1.0,1.0
data\raw_slabs\ebay_287136214296.webp,9,1.0,1.0,1.0,1.0
data\raw_slabs\ebay_117015838171.webp,9,1.0,1.0,1.0,1.0
data\raw_slabs\ebay_397583060587.webp,9,1.0,1.0,1.0,1.0
data\raw_slabs\ebay_406713809250.webp,9,1.0,1.0,1.0,1.0
